Data da Pesquisa,Video ID,Channel Title,Title,Published At,Tags,Thumbnails,Category ID,Duration,View Count,Like Count,Dislike Count,Comment Count
11/05/2024,4QIZE708gJ4,PostMaloneVEVO,Post Malone - I Had Some Help (feat. Morgan Wallen) (Official Video),2024-05-10T14:00:06Z,"post malone,had some help,morgan wallen,post malone morgan wallen,post malone had some help,morgan wallen had some help,had some help post malone morgan wallen,posty had some help,posty",https://i.ytimg.com/vi/4QIZE708gJ4/default.jpg,10,PT3M22S,3629299,194624,0,9082
11/05/2024,TKQY2ZlIEjY,Megan Thee Stallion,Megan Thee Stallion - BOA [Official Video],2024-05-10T04:00:19Z,"Megan Thee Stallion,Rap,Houston,Hottie,Hip Hop 2019,Hip Hop,Megan Thee Stallion BOA,BOA Megan Thee Stallion,megan thee stallion BOA,megan thee stallion,megan thee stallion boa,boa megan thee stallion,boa meg thee stallion,meg thee stallion boa,boa,BOA,boa megan thee stallion new music,megan thee stallion new music,megan thee stallion new release,boa meg,Megan Thee Stallion - BOA [Official Video],boa official video,megan thee stallion official video,boa video",https://i.ytimg.com/vi/TKQY2ZlIEjY/default.jpg,10,PT3M44S,2684651,211706,0,13528
11/05/2024,2KC-8IULfqY,IceSpiceVEVO,Ice Spice - Gimmie A Light (Official Video),2024-05-10T16:00:06Z,"Ice,Spice,Gimmie,Light,10K,Projects/Capitol,Records,Hip,Hop",https://i.ytimg.com/vi/2KC-8IULfqY/default.jpg,10,PT2M7S,1025740,65477,0,6622
11/05/2024,i1QZO9EiVmY,Post Malone - Topic,I Had Some Help,2024-05-09T10:00:41Z,"Post Malone,„Éù„Çπ„Éà„Éû„É≠„Éº„É≥,„Éù„Çπ„Éà„Éª„Éû„É≠„Éº„É≥,Morgan Wallen,I Had Some Help",https://i.ytimg.com/vi/i1QZO9EiVmY/default.jpg,10,PT2M59S,1294078,68890,0,1280
11/05/2024,Cps2uyxo1eM,Nightcap,Shannon Sharpe reacts to Shaquille O'Neal calling Unc out for criticizing Jokic interview | Nightcap,2024-05-10T13:00:10Z,"Nightcap,Shannon Sharpe,Ochocinco,Chad Johnson,Chad Ochocinco,Club Shay Shay,Nightcap Podcast,Shannon Sharpe Podcast,Ochocinco Podcast,Gilbert Arenas,Gil Arenas,Gil Arenas Podcast,Gil Arenas Show",https://i.ytimg.com/vi/Cps2uyxo1eM/default.jpg,17,PT16M40S,735875,21639,0,7700
11/05/2024,B3x86Eull2U,TV Promos,"Young Sheldon 7x13 ""Funeral"" / 7x14 ""Memoir"" Promo (HD) Series Finale",2024-05-11T01:08:39Z,"young sheldon 7x13 promo,young sheldon 7x13,young sheldon season 7 episode 13 promo,young sheldon 7x13 preview,young sheldon 7x13 trailer,young sheldon season 7,young sheldon s07e13,young sheldon (tv program),young sheldon series finale,young sheldon series finale promo,iain armitage,zoe perry,jim parsons,young sheldon promo,tvpromosdb,young sheldon,7x13,promo,season,episode,trailer,funeral",https://i.ytimg.com/vi/B3x86Eull2U/default.jpg,24,PT16S,524150,5560,0,589
11/05/2024,X9G7Md8QI4k,JRE Clips,"Mike Tyson is ""Terrifying"" Ahead of Jake Paul Fight",2024-05-10T17:00:31Z,"Joe Rogan,JRE,Joe Rogan Experience,JRE Clips,PowerfulJRE,Joe Rogan Fan Page,Joe Rogan Podcast,podcast,MMA,Joe Rogan MMA Show,UFC,comedy,comedian,stand up,funny,clip,favorite,best of",https://i.ytimg.com/vi/X9G7Md8QI4k/default.jpg,22,PT14M27S,1571352,22570,0,4758
11/05/2024,7pMrssIrKcY,Gamers Nexus,ASUS Scammed Us,2024-05-11T00:49:24Z,"gamersnexus,gamers nexus,computer hardware,asus scam,asus warranty,asus rma,asus motherboard,asus motherboard warranty,asus,asus rog,asus rog ally,asus ally z1x,asus ally x,asus rog ally warranty,asus rog ally microsd card,asus ally sd card,asus ally thumbstick,asus ally joystick,asus ally joystick drifting,customer induced damage,warranty fraud,magnuson-moss act,louis rossmann",https://i.ytimg.com/vi/7pMrssIrKcY/default.jpg,20,PT29M36S,735407,60305,0,10784
11/05/2024,SQ1yPMTIwCU,JYP Entertainment,"Stray Kids ""Lose My Breath (Feat. Charlie Puth)"" M/V",2024-05-10T04:00:01Z,"JYP Entertainment,Stray Kids,Ïä§Ìä∏Î†àÏù¥ ÌÇ§Ï¶à,SKZ,Ïä§ÌÇ§Ï¶à,Î∞©Ï∞¨,BANG CHAN,Î¶¨ÎÖ∏,LEE KNOW,Ï∞ΩÎπà,ÏÑúÏ∞ΩÎπà,CHANGBIN,SEOCHANGBIN,ÌòÑÏßÑ,Ìô©ÌòÑÏßÑ,HYUNJIN,HWANGHYUNJIN,Ìïú,ÌïúÏßÄÏÑ±,HAN,HANJISUNG,ÌïÑÎ¶≠Ïä§,FELIX,Ïö©Î≥µ,Ïù¥Ïö©Î≥µ,ÏäπÎØº,ÍπÄÏäπÎØº,SEUNGMIN,KIMSEUNGMIN,ÏïÑÏù¥Ïóî,ÏñëÏ†ïÏù∏,I.N,YANGJEONGIN,stray kids comeback,Ïä§Ìä∏Î†àÏù¥ ÌÇ§Ï¶à Ïª¥Î∞±,Ïä§ÌÇ§Ï¶à Ïª¥Î∞±,skz comeback,skz,lose my breath,stray kids lose my breath,skz lose my breath,stray kids charlie puth,skz charlie puth,Ïä§ÌÇ§Ï¶à Ï∞∞Î¶¨Ìë∏Ïä§,skz mv,lose my breath mv,Ïä§ÌÇ§Ï¶à ÎÆ§ÎπÑ,Ïä§Ìä∏Î†àÏù¥ÌÇ§Ï¶à ÎÆ§ÎπÑ,Ïä§ÌÇ§Ï¶à lose my breath ÎÆ§ÎπÑ",https://i.ytimg.com/vi/SQ1yPMTIwCU/default.jpg,10,PT2M53S,12227306,953187,0,112804
11/05/2024,AJZIwDbJxPA,DaFuq!?Boom!,skibidi toilet 73 (full episode),2024-05-10T00:30:08Z,"sfm animation,skibidi toilet vs cameramen,skibidi toilet,scientist skibidi,tv woman,titan cameraman,titan speakerman,skibidi toilet all episodes,titan tv man,g-toilet,gman toilet",https://i.ytimg.com/vi/AJZIwDbJxPA/default.jpg,24,PT9M41S,17419056,703787,0,53844
11/05/2024,swVqSElGaHI,JJ Olatunji,I HAVE RETURNED!,2024-05-10T17:55:38Z,,https://i.ytimg.com/vi/swVqSElGaHI/default.jpg,24,PT17M42S,1193446,92179,0,3984
11/05/2024,zlFH3aC7Z_c,How Ridiculous,Boat Vs Mountain! Extreme Downhill Rolling Competition,2024-05-10T22:00:39Z,"how ridiculous,rexy,44club",https://i.ytimg.com/vi/zlFH3aC7Z_c/default.jpg,17,PT17M13S,460475,21023,0,1282
11/05/2024,WJW-VvmRKsE,Charli XCX,Charli XCX - 360 (Official Video),2024-05-10T04:00:06Z,"charli xcx,charli xcx - von dutch,von dutch - charli xcx,charli xcx brat,brat charli xcx,charli xcx cult classic,von dutch addison rae remix,charli xcx addison rae remix,charli xcx addison rae,charli xcx 360,360 charli xcx,360 - charli xcx,charli xcx - 360,charli xcx rachel sennott,charli xcx julia fox,charli xcx gabbriette,charli xcx chloe cherry,charli xcx richie shazam,charli xcx b2b,brb charli xcx,charli xcx club classics,club classics charli xcx",https://i.ytimg.com/vi/WJW-VvmRKsE/default.jpg,10,PT4M25S,855510,70421,0,3422
11/05/2024,jBlC5AOYoBs,Tee Grizzley,Tee Grizzley - Swear to God (Feat. Future) [Official Video],2024-05-10T04:00:06Z,"Tee Grizzley,2 Vaults,Activated,Hip Hop,From The D To The A,Detroit,TeeGrizzley,Jettski Grizzley,Bloodas,Rap,First Day Out,TGrizzly,Jetski Grizzley,Trap,Tgrizzley,Tee Grizzley - Swear to God (Feat. Future) [Official Video],Tee Grizzley Swear to God ft Future,Swear to God Tee Grizzley ft Future,swear to god tee grizzley ft future,tee grizzley ft future swear to god,swear to god tee grizzley,tee grizzley swear to god,swear to god,tee grizzley future,future",https://i.ytimg.com/vi/jBlC5AOYoBs/default.jpg,10,PT3M5S,545856,37287,0,1840
11/05/2024,NzKNCn0SunA,TVLine,Young Sheldon 7x12 | George Dies,2024-05-10T01:01:00Z,"TVLine,Michael Ausiello,young sheldon,Lance Barber,Zoe Perry,young sheldon season 7,young sheldon finale,young sheldon george,young sheldon mary,young sheldon george and mary,big bang theory,the big bang theory,tbbt,sheldon cooper,cbs,tv,tv news,television,interview,season 7,young sheldon final episode,young sheldon final season,2024,young sheldon season 7 episode 11,young sheldon season 7 episode 12,episode 7,episode 12,young sheldon george dies",https://i.ytimg.com/vi/NzKNCn0SunA/default.jpg,24,PT9M23S,1634724,10960,0,1499
11/05/2024,cOHBlzP-rDY,Karl Jobst,How One Cheater Changed Super Mario Maker History,2024-05-11T00:10:01Z,,https://i.ytimg.com/vi/cOHBlzP-rDY/default.jpg,20,PT15M29S,303745,20163,0,2003
11/05/2024,D_HIsjhzuro,Grind Hard Plumbing Co,Can the Monster Chopper Hill Climb?,2024-05-10T19:30:01Z,"hill climb racing,chopper bike,hill climb,hill climb motocross,hill climb monsters,monster chopper,off road chopper,chopper motorcycle,chopper motorcycle off roading,chopper motorcycle build,chopper motorcycle sound,chopper motorcycle ride,grind hard plumbing co",https://i.ytimg.com/vi/D_HIsjhzuro/default.jpg,2,PT40M15S,479921,23729,0,2129
11/05/2024,ALM72lthdjE,Peso Pluma,"LA DURANGO (Lyric Video) - Peso Pluma, Junior H, Eslab√≥n Armado",2024-05-10T00:02:31Z,"Peso Pluma,Eslab√≥n Armado,Junior H,PP,Doble P,Double P,Junior,corridos,m√∫sica mexicana,La Durango,Prajin,Prajin Music,Double P Records",https://i.ytimg.com/vi/ALM72lthdjE/default.jpg,10,PT4M23S,1327679,102180,0,5727
11/05/2024,GdE8rGHMsgU,On The Radar Radio,"The Sheff G ""On The Radar"" Freestyle",2024-05-10T18:00:06Z,"on the radar,off the radar,on the radar radio,freestyle,live performance,on the radar freestyle,off the radar freestyle,otr freestyle",https://i.ytimg.com/vi/GdE8rGHMsgU/default.jpg,10,PT2M15S,175834,15245,0,829
11/05/2024,nXia20jA4tI,Dr.Tamitha Skov,"An Extreme G4 Solar Storm Train, Eight Storms Race to Earth | Space Weather Spotlight 10 May 2024",2024-05-10T19:43:42Z,"space weather,GPS,amateur radio,aurora,photography,astronaut,NASA",https://i.ytimg.com/vi/nXia20jA4tI/default.jpg,25,PT20M50S,243844,9468,0,1032
11/05/2024,xKEY6THtwuA,Shoreline Mafia,Shoreline Mafia - HEAT STICK (OHGEESY & FENIX FLEXIN)  [Official Music Video],2024-05-10T02:00:07Z,"Shoreline Mafia,ShoreLineDoThatShiT,OTX,Musty,Drakeo,The Ruler 03 Greedo,Atlantic Records,Hip Hop,Rap,traplantic,ohgeesy,master kato,fenix,rob vicious,nun major,Shoreline Mafia Mafia Bidness,Shoreline Mafia Bidness,Mafia Bidness,Shoreline Mafia lbum,Shore line,hyphy,hyphy music,Cali rap,California rap,cali hip hop",https://i.ytimg.com/vi/xKEY6THtwuA/default.jpg,10,PT2M18S,291874,34501,0,2800
11/05/2024,2JTBSa7XsjE,STUDIO CHOOM [Ïä§ÌäúÎîîÏò§ Ï∂§],'Trendsetter' X 'HUMBLE.' covered by ENHYPEN NI-KI(ÎãàÌÇ§) | May 2024 | Artist Of The Month (4K),2024-05-10T13:00:02Z,"M2,Ïó†Ìà¨,Ïä§ÌäúÎîîÏò§ Ï∂§,Ïä§Ï∂§,Studio choom,COVERS,Ïª§Î≤ÑÏä§,DANCE THE X,ÎåÑÏä§ Îçî ÏóëÏä§,ÎåÑÏä§,DANCE,ÎπÑ Ïò§Î¶¨ÏßÄÎÑê,BE ORIGINAL,Ïª§Î≤Ñ,COVER,Artist Of The Month,AOTM,Drop the dance,ÎìúÎ°≠ÎçîÎåÑÏä§,Mix & Max,ÎØπÏä§Ïï§Îß•Ïä§,ÎØπÏï§Îß•,ÏóîÌïòÏù¥Ìîà,ÏóîÌïòÏù¥Ìîà ÎãàÌÇ§,ni-ki,enhypen,enhypen ni-ki,aotm ni-ki,ni-ki aotm,artist of the month,ÏïÑÏò§Î®º,ÏïÑÏò§Î®º ÎãàÌÇ§,ÎãàÌÇ§ ÏïÑÏò§Î®º,ÎãàÌÇ§ ÏóîÌïòÏù¥Ìîà,trendsetter,humble,kendrick lamar humble,connor price,ÏºÑÎìúÎ¶≠ÎùºÎßà",https://i.ytimg.com/vi/2JTBSa7XsjE/default.jpg,24,PT3M12S,2326690,306033,0,23913
11/05/2024,bkWCBKcZYEI,gabi belle,Gen Alpha vs Gen Z is so dumb,2024-05-10T17:00:17Z,"gabi belle,commentary",https://i.ytimg.com/vi/bkWCBKcZYEI/default.jpg,23,PT16M41S,361174,23514,0,2486
11/05/2024,NTpbbQUBbuo,HozierVEVO,Hozier - Too Sweet (Official Video),2024-05-10T18:00:08Z,"too sweet hozier,unheard,you're too sweet for me,wildflower and barley,take my whiskey neat,hozier new song,fare well,hozier tiktok,empire now,hozier whiskey song,Hozier,Too Sweet",https://i.ytimg.com/vi/NTpbbQUBbuo/default.jpg,10,PT4M9S,455489,37044,0,1045
11/05/2024,VbsKll8ikCs,DEATH BATTLE!,Is DEATH BATTLE dead???,2024-05-10T18:00:14Z,"DEATH BATTLE,Rooster Teeth,DBX,DEATH BATTLE Cast,screwattack,deathbattle,roosterteeth,savedeathbattle,red vs blue,ben singer,chad james",https://i.ytimg.com/vi/VbsKll8ikCs/default.jpg,24,PT1M5S,220900,23022,0,1946
11/05/2024,3sqqBjGByXI,TIVEVO,"T.I., & YoungBoy Never Broke Again - LLOGCLAY [Official Music Video]",2024-05-10T16:00:06Z,"#TI,#YoungBoyNeverBrokeAgain,#NBAyoungBoy,#LLOGClay,#YoungBoy,#NeverBroke Again,#OfficialVideo,#RapVideo,#RapMusicVideo,#HipHopMusic,#RapSong",https://i.ytimg.com/vi/3sqqBjGByXI/default.jpg,10,PT3M44S,161832,14822,0,1011
11/05/2024,_23MbK9QLd0,Euphoric Brothers,Garten of Banban 8 - Official Teaser Trailer,2024-05-10T14:05:19Z,"garten of banban devlog,garten of banban ending,poppy playtime,garten of banban gameplay,garten of banban game,garten of banban bosses,garten of banban,garten of banban trailer,garten of banban teaser,garten of banban 7 teaser,garden of banban,garden of banban gameplay,garden of banban trailer,garten of banban 7,garten of banban 7 gameplay,garten of banban 5,garten of banban 8 gameplay,garten of banban 8 teaser,garten of banban 8 trailer,garden of banban 8",https://i.ytimg.com/vi/_23MbK9QLd0/default.jpg,20,PT1M15S,1520801,51480,0,5593
11/05/2024,h452os46-xo,morgans vlogs,I have a lot to say...,2024-05-10T17:59:12Z,"morgan,Morgans vlogs,Morgan adams,Ryland adams,Morgan Adams vlogs,demo,my house tour,diy,vlogmas,shane,renovations,Morgan house renovations,vlog,competition,family channel,Ryland Shane morgan,christmas,vlogger,Morgan and trinity,grwm,overshare about my life,addressing my weight loss,weight loss,weight loss journey,andrew and garrett,adhd medication,adhd,adhd journey,mental health,assumptions about me",https://i.ytimg.com/vi/h452os46-xo/default.jpg,22,PT34M3S,136826,9348,0,1894
11/05/2024,XqqpcWKOgEY,AXS TV,Ringo Talks About How The Beatles Didn't Get Along,2024-05-10T18:53:59Z,"Music,AXS TV,Classic Rock,Rock Music,Concert",https://i.ytimg.com/vi/XqqpcWKOgEY/default.jpg,10,PT9M9S,302875,6537,0,936
11/05/2024,gnvW3fY3gyg,Young Sheldon,Young Sheldon Series Finale Preview,2024-05-10T16:07:16Z,"the young sheldon,young sheldon,CBS Comedy,young sheldon cast,young sheldon trailer,young sheldon cooper,young sheldon show,young sheldon tv show,cbs young sheldon,Jim Parsons,CBS,Iain Armitage,Zoe Perry,Lance Barber,CBS Sitcom",https://i.ytimg.com/vi/gnvW3fY3gyg/default.jpg,24,PT2M10S,92157,1433,0,123
11/05/2024,UkA-afhxZjg,NBA,"#2 NUGGETS at #3 TIMBERWOLVES | FULL GAME 3 HIGHLIGHTS | May 10, 2024",2024-05-11T04:22:52Z,"Basketball,G League,NBA,game-0042300233",https://i.ytimg.com/vi/UkA-afhxZjg/default.jpg,17,PT9M32S,1566606,12906,0,2900
11/05/2024,E7yFvL9WBk4,Nick Pro,Stunts From KNUCKLES In Real Life (Sonic The Hedgehog),2024-05-10T13:11:51Z,"stunts from knuckles,knuckles stunts,stunts from sonic,sonic stunts,sonic stunts in real life,nick pro,nick pro parkour,knuckles,sonic the hedgehog,sonic,sonic the hedgehog 2,sonic movie,stunts in real life,in real life,sonic in real life,stunts,sonic the hedgehog movie,parkour,sonic parkour,real life,sonic the movie",https://i.ytimg.com/vi/E7yFvL9WBk4/default.jpg,17,PT9M56S,500841,4944,0,167
11/05/2024,OQH886xgcY0,J abdiel,"WYA REMIX BLUE üîµ - (Video Oficial) J Abdiel, IZaak, Hades 66, Corina Smith, Miky Woodz",2024-05-10T04:00:07Z,,https://i.ytimg.com/vi/OQH886xgcY0/default.jpg,10,PT4M51S,1102344,52695,0,1525
11/05/2024,75JPzYvOf1s,"Ryan Hall, Y'all","The May 8, 2024 Severe Weather Outbreak, As It Happened‚Ä¶",2024-05-09T06:57:19Z,"live,weather,live weather channel,weather forecast,tornado,tornadoes,texas,txwx,lawx,nmwx,okwx",https://i.ytimg.com/vi/75JPzYvOf1s/default.jpg,24,PT11H54M59S,2666697,62714,0,361
11/05/2024,ywWwUuWRgsM,Nerrel,Recompilation: An Incredible New Way to Keep N64 Games Alive,2024-05-10T21:45:58Z,"emulation,nintendo 64,preservation,pc port,decompilation,majora's mask,ray tracing,high framerates,mod",https://i.ytimg.com/vi/ywWwUuWRgsM/default.jpg,20,PT11M13S,172159,17181,0,1504
11/05/2024,g5Ow-kFPtLI,J abdiel,"WYA REMIX RED üî¥ - (Video Oficial) J Abdiel, De La Rose, Yan Block, Jay Wheeler, IZaak",2024-05-10T04:00:07Z,"J Abdiel,De La Rose,Yan Block,Jay Wheeler,IZaak,WYA,WYA REMIX,WYA REMIX RED,2024,Latino,Latina",https://i.ytimg.com/vi/g5Ow-kFPtLI/default.jpg,10,PT5M23S,964600,44142,0,1294
11/05/2024,ZUmTlGMt4SI,STARZ,Power Book II: Ghost | Official Trailer | Season 4,2024-05-09T17:00:13Z,"Power book II,Ghost,Power Ghost,Power never ends,legacy,sneak peek,preview,Starz,television,tv,new power,Tariq St. Patrick,aftermath,spinoff,Power spinoff,finale,new,new episodes,Tasha,Power,Power on Starz,Power II on Starz,bts,Power Book II: Ghost clip,Power book II: Ghost Official Clip,power book 2,power book ghost,official clip,ghost bts,behind the scenes,season 4,teaser,official teaser",https://i.ytimg.com/vi/ZUmTlGMt4SI/default.jpg,24,PT2M5S,1952833,13517,0,1986
11/05/2024,2UyVehnq8Lo,CBS Sports Golazo - Europe,Bayer Leverkusen vs. Roma: Extended Highlights | UEL Semi-Finals 2nd Leg | CBS Sports Golazo,2024-05-09T21:32:49Z,,https://i.ytimg.com/vi/2UyVehnq8Lo/default.jpg,17,PT14M56S,668467,8240,0,818
11/05/2024,yyjiJWXrQ30,PearlescentMoon,Hermitcraft 10: Po Po Permit Purr Purr | Episode 14,2024-05-10T12:25:54Z,"hermitcraft season 10,hermitcraft 10,hermitcraft,minecraft hermitcraft,pearlescentmoon,minecraft lets play,Minecraft,hermitcraft pearl,hermitcraft pearlescentmoon,minecraft starter base,hermitcraft season 10 episode,permit office,minecraft 1.20,hermitcraft friends,Scar,Geminitay,Rendog,Minecraft chorus farm,hermit craft,goodtimeswithscar,hermitcraft season x,season 10,hermitcraft minecraft,hermitcraft vanilla,hc10",https://i.ytimg.com/vi/yyjiJWXrQ30/default.jpg,20,PT35M13S,191783,15547,0,806
11/05/2024,gjx-iHGXk9Q,Paramount Pictures,"A Quiet Place: Day One | Official Trailer 2 (2024 Movie) - Lupita Nyong'o, Joseph Quinn",2024-05-09T13:00:09Z,"Lupita Nyong'o,Joseph Quinn,Djimon Hounsou,Michael Sarnoski,John Krasinski,A Quiet Place: Day One,A Quiet Place,A Quiet Place Franchise,Thriller,Action,Suspense,Horror,Aliens,Alien Invasion,Alien Invasion Movie,Coming Soon,New Movie,2024 Movie,Summer 2024,Summer Movie,New York,Alex Wolff",https://i.ytimg.com/vi/gjx-iHGXk9Q/default.jpg,1,PT2M27S,9549281,44115,0,2728
11/05/2024,qGsQl4FQFbQ,Inheritance Machining,Half of a Great Idea,2024-05-10T14:00:44Z,"inheritance machining,inheritance,gears,gear manufacturing,gear hobbing,eureka,bronze,ratchet,involute,notching,lathe,lathe machine,milling machine,bridgeport,rotary table,forming,machine shop,machining,machinist,machine,machine learning,funny,puns,satisfying,do it yourself,storyteller,maker,cathartic,engineering,youtube,asmr,dad jokes,chamfer,chamfering,mechanism,eureka tool",https://i.ytimg.com/vi/qGsQl4FQFbQ/default.jpg,28,PT26M34S,208194,15709,0,741
11/05/2024,1nEkMeQsQnk,Fanum Live,Fanum Reunites With AMP On Stream..üòÇ,2024-05-09T19:16:52Z,"fanum,fanumfunny,fanumstreams,fanumlive,livefanum",https://i.ytimg.com/vi/1nEkMeQsQnk/default.jpg,20,PT19M9S,569824,14840,0,454
11/05/2024,c4kX9jvytgI,Evbo,Minecraft but I SUMMON the PARKOUR GOD,2024-05-09T23:44:29Z,,https://i.ytimg.com/vi/c4kX9jvytgI/default.jpg,20,PT10M9S,506242,18963,0,1524
11/05/2024,W3ackBw5xX8,AYO Fishing,1v1v1 SHARK TANK Products Fishing Challenge!! Ft. FishingWithNorm,2024-05-10T00:41:53Z,"Shark tank products,Shark Tank,Shark Tank Fishing,Chill n reel,Products,Fishing,Challenge",https://i.ytimg.com/vi/W3ackBw5xX8/default.jpg,22,PT35M23S,183690,11629,0,740
11/05/2024,2D6-BCt0Lwo,Aquarium Info,Raising a Grocery Store Crab as a Pet,2024-05-09T19:39:14Z,"grocery store pets,grocery store crab,grocery store blue crab,grocery store lobster,Leon the Lobster,Pancake the Crab,Waffle the Crab,animal rescue,Kirby,wildlife rescue,Noodle the Crab,Aquarium Info,Aquarium Info girl,Aquarium Info kirby,Aquarium Info axolotl,Krusty Krab,SpongeBob,Bikini Bottom,Plankton,MrKrabs,Krusty Krab for a real life crab,Matthew Beem,Just Joshing",https://i.ytimg.com/vi/2D6-BCt0Lwo/default.jpg,15,PT8M51S,499671,9503,0,2193
11/05/2024,CWCnJxAcsVg,Broke,I Built The Amazing Digital Circus Episode 2 out of Lego!,2024-05-09T19:20:13Z,,https://i.ytimg.com/vi/CWCnJxAcsVg/default.jpg,22,PT9M52S,346097,3904,0,205
11/05/2024,QnDRzkqgZ-Y,AlondraDessy,BADDIES TURN EMO/GOTH,2024-05-10T00:36:06Z,"Louie‚Äôs life,Laura mellado,Alondradessy,Yoatzi,Les do makeup,Murillo twins,Benny soliven,Alondradessy drama,Panchodoesbetter,Ace family,Gnb official,Kb and Karla,luxury closet,walk in closet ideas,designer bag,alanized,Adam ray okay,GNB,GNB OFFICIAL,Austin mcbroom,shawtybae,willito,wendyandeve,Nathaly cuevas,rosa,larray,Emma chamberlain",https://i.ytimg.com/vi/QnDRzkqgZ-Y/default.jpg,22,PT36M3S,99948,5092,0,466
11/05/2024,1ZnH_2ufotQ,Baseball Doesn't Exist,The 2024 MLB Season Is Breaking People,2024-05-08T21:00:01Z,,https://i.ytimg.com/vi/1ZnH_2ufotQ/default.jpg,17,PT25M2S,641498,16687,0,1057
11/05/2024,YzAvZNyVZy8,The Norris Nuts,SURPRISING HER WITH $1000 SEPHORA SHOPPING SPREE w/Norris Nuts,2024-05-11T08:30:11Z,"norris nuts,family friendly,family vlog,sabre,sockie,biggy,naz,disco,Sabre Norris,SOckie Norris,Biggy Norris,Naz Norris,disco norris,charm norris,last to leave,last to sleep,staying awake,challenge,norrisnuts challenge",https://i.ytimg.com/vi/YzAvZNyVZy8/default.jpg,22,PT36M42S,419173,14146,0,3262
11/05/2024,3yjbMUdD4eo,FoundFlix,LATE NIGHT WITH THE DEVIL (2024) Ending Explained,2024-05-09T01:00:02Z,"late night with the devil movie review,late night with the devil,late night with the devil spoilers,late night with the devil ending explained,late night with the devil explained,ending explained,ending,explained,last scene,end scene,trailer,clip,foundflix ending explained,foundflix,horror",https://i.ytimg.com/vi/3yjbMUdD4eo/default.jpg,24,PT30M51S,398181,15609,0,813
12/05/2024,F6PqxbvOCUI,MrBeast,"Protect The Yacht, Keep It!",2024-05-11T16:00:00Z,,https://i.ytimg.com/vi/F6PqxbvOCUI/default.jpg,24,PT15M8S,34477935,1971868,0,50778
12/05/2024,4QIZE708gJ4,PostMaloneVEVO,Post Malone - I Had Some Help (feat. Morgan Wallen) (Official Video),2024-05-10T14:00:06Z,"post malone,had some help,morgan wallen,post malone morgan wallen,post malone had some help,morgan wallen had some help,had some help post malone morgan wallen,posty had some help,posty",https://i.ytimg.com/vi/4QIZE708gJ4/default.jpg,10,PT3M22S,4639797,224448,0,9959
12/05/2024,vXsbxxNpeI0,Top Rank Boxing,The Dominating SKILL From Vasiliy Lomachenko Against George Kambosos! | FIGHT HIGHLIGHTS,2024-05-12T05:43:56Z,"top rank boxing,boxing,vasiliy lomachenko vs george kambosos fight highlights,vasiliy lomachenko vs george kambosos fight,vasiliy lomachenko george kambosos,vasiliy lomachenko boxing highlights,vasiliy lomachenko vs george kambosos,vasyl lomachenko,vasyl lomachenko vs george kambosos,vasyl lomachenko vs george kambosos fight,vasiliy lomachenko vs george kambosos full fight,vasiliy lomachenko,loma vs kambosos highlights,loma vs kambosos,lomachenko vs kambosos,loma",https://i.ytimg.com/vi/vXsbxxNpeI0/default.jpg,17,PT2M23S,538894,14291,0,2635
12/05/2024,dvCweOmHlkk,Iron Pineapple,I played 1 Souls-Like game you've never heard of,2024-05-11T17:31:03Z,"soulslike,souls like,iron pineapple,dark souls,elden ring,gameplay,funny,co-op,review,guide,commentary",https://i.ytimg.com/vi/dvCweOmHlkk/default.jpg,20,PT1H59M45S,691598,36141,0,2813
12/05/2024,TKQY2ZlIEjY,Megan Thee Stallion,Megan Thee Stallion - BOA [Official Video],2024-05-10T04:00:19Z,"Megan Thee Stallion,Rap,Houston,Hottie,Hip Hop 2019,Hip Hop,Megan Thee Stallion BOA,BOA Megan Thee Stallion,megan thee stallion BOA,megan thee stallion,megan thee stallion boa,boa megan thee stallion,boa meg thee stallion,meg thee stallion boa,boa,BOA,boa megan thee stallion new music,megan thee stallion new music,megan thee stallion new release,boa meg,Megan Thee Stallion - BOA [Official Video],boa official video,megan thee stallion official video,boa video",https://i.ytimg.com/vi/TKQY2ZlIEjY/default.jpg,10,PT3M44S,3202222,235969,0,14497
12/05/2024,2KC-8IULfqY,IceSpiceVEVO,Ice Spice - Gimmie A Light (Official Video),2024-05-10T16:00:06Z,"Ice,Spice,Gimmie,Light,10K,Projects/Capitol,Records,Hip,Hop",https://i.ytimg.com/vi/2KC-8IULfqY/default.jpg,10,PT2M7S,1319673,72206,0,7470
12/05/2024,i1QZO9EiVmY,Post Malone - Topic,I Had Some Help,2024-05-09T10:00:41Z,"Post Malone,„Éù„Çπ„Éà„Éû„É≠„Éº„É≥,„Éù„Çπ„Éà„Éª„Éû„É≠„Éº„É≥,Morgan Wallen,I Had Some Help",https://i.ytimg.com/vi/i1QZO9EiVmY/default.jpg,10,PT2M59S,1541186,74606,0,1325
12/05/2024,B3x86Eull2U,TV Promos,"Young Sheldon 7x13 ""Funeral"" / 7x14 ""Memoir"" Promo (HD) Series Finale",2024-05-11T01:08:39Z,"young sheldon 7x13 promo,young sheldon 7x13,young sheldon season 7 episode 13 promo,young sheldon 7x13 preview,young sheldon 7x13 trailer,young sheldon season 7,young sheldon s07e13,young sheldon (tv program),young sheldon series finale,young sheldon series finale promo,iain armitage,zoe perry,jim parsons,young sheldon promo,tvpromosdb,young sheldon,7x13,promo,season,episode,trailer,funeral",https://i.ytimg.com/vi/B3x86Eull2U/default.jpg,24,PT16S,739133,6890,0,712
12/05/2024,mrUe7JmecNQ,Kara and Nate,We Tried Van Life in OMAN (full tour),2024-05-11T15:00:43Z,"van life,expedition vehicle,expedition truck,mercedes unimog,rv life,van tour,unimog camper,truck camper,camper truck,off road camper,van life build,van life tour,van life vlog,kara and nate,oman,overlanding,overlanding oman,overlanding unimog,unimog,unimog tour,1985 unimog,unimog conversion,kara and nate van life,kara and nate oman,best things to do in oman,where to camp in oman,overlanding dubai,middle east,off road",https://i.ytimg.com/vi/mrUe7JmecNQ/default.jpg,19,PT28M43S,336041,14521,0,543
12/05/2024,7T0emrqglzA,Branzy,I Built a Chicken Powered Murder Machine (again...),2024-05-11T12:00:08Z,,https://i.ytimg.com/vi/7T0emrqglzA/default.jpg,20,PT29M7S,355390,19099,0,1334
12/05/2024,UpTG9Suhs-w,Momentum,We Made Our Own Baseball Protective Gear!,2024-05-11T15:05:00Z,"baseball,momentum,strikeout,documentary,video,pitching,hitting,mlb,milb,the game,the show,commissioner,rob manfred,trevor bauer,mike clevinger,major leagues,watch momentum,pitcher,pitch,bauer bytes,live at bats,los angeles dodgers,dodgers,rachel luba,behind the scenes,day in the life,free agency,sports,inside the covid season,major league baseball,trevor bauer vlog,yasiel puig,trevor bauer mic'd up,vlog",https://i.ytimg.com/vi/UpTG9Suhs-w/default.jpg,17,PT39M1S,241262,6902,0,419
12/05/2024,4Ho4RJsIdvM,TBJZL,SPEED TRIES BRITISH SNACKS,2024-05-11T19:46:03Z,"TOBJIZZLE,Tobi,Jizzle,Tobjizzle,Tobijizzle,tbjzl,Toby,editingaming,xbox 360",https://i.ytimg.com/vi/4Ho4RJsIdvM/default.jpg,24,PT18M49S,668587,45487,0,927
12/05/2024,S_EgYvz-XII,rekrap2,No Armor Hardcore - Episode 3 - The Nether,2024-05-11T13:30:06Z,Minecraft,https://i.ytimg.com/vi/S_EgYvz-XII/default.jpg,20,PT22M58S,316758,19326,0,1287
12/05/2024,Cps2uyxo1eM,Nightcap,Shannon Sharpe reacts to Shaquille O'Neal calling Unc out for criticizing Jokic interview | Nightcap,2024-05-10T13:00:10Z,"Nightcap,Shannon Sharpe,Ochocinco,Chad Johnson,Chad Ochocinco,Club Shay Shay,Nightcap Podcast,Shannon Sharpe Podcast,Ochocinco Podcast,Gilbert Arenas,Gil Arenas,Gil Arenas Podcast,Gil Arenas Show",https://i.ytimg.com/vi/Cps2uyxo1eM/default.jpg,17,PT16M40S,807186,23218,0,8098
12/05/2024,X9G7Md8QI4k,JRE Clips,"Mike Tyson is ""Terrifying"" Ahead of Jake Paul Fight",2024-05-10T17:00:31Z,"Joe Rogan,JRE,Joe Rogan Experience,JRE Clips,PowerfulJRE,Joe Rogan Fan Page,Joe Rogan Podcast,podcast,MMA,Joe Rogan MMA Show,UFC,comedy,comedian,stand up,funny,clip,favorite,best of",https://i.ytimg.com/vi/X9G7Md8QI4k/default.jpg,22,PT14M27S,1951338,26549,0,5477
12/05/2024,7pMrssIrKcY,Gamers Nexus,ASUS Scammed Us,2024-05-11T00:49:24Z,"gamersnexus,gamers nexus,computer hardware,asus scam,asus warranty,asus rma,asus motherboard,asus motherboard warranty,asus,asus rog,asus rog ally,asus ally z1x,asus ally x,asus rog ally warranty,asus rog ally microsd card,asus ally sd card,asus ally thumbstick,asus ally joystick,asus ally joystick drifting,customer induced damage,warranty fraud,magnuson-moss act,louis rossmann",https://i.ytimg.com/vi/7pMrssIrKcY/default.jpg,20,PT29M36S,879469,67899,0,12058
12/05/2024,SQ1yPMTIwCU,JYP Entertainment,"Stray Kids ""Lose My Breath (Feat. Charlie Puth)"" M/V",2024-05-10T04:00:01Z,"JYP Entertainment,Stray Kids,Ïä§Ìä∏Î†àÏù¥ ÌÇ§Ï¶à,SKZ,Ïä§ÌÇ§Ï¶à,Î∞©Ï∞¨,BANG CHAN,Î¶¨ÎÖ∏,LEE KNOW,Ï∞ΩÎπà,ÏÑúÏ∞ΩÎπà,CHANGBIN,SEOCHANGBIN,ÌòÑÏßÑ,Ìô©ÌòÑÏßÑ,HYUNJIN,HWANGHYUNJIN,Ìïú,ÌïúÏßÄÏÑ±,HAN,HANJISUNG,ÌïÑÎ¶≠Ïä§,FELIX,Ïö©Î≥µ,Ïù¥Ïö©Î≥µ,ÏäπÎØº,ÍπÄÏäπÎØº,SEUNGMIN,KIMSEUNGMIN,ÏïÑÏù¥Ïóî,ÏñëÏ†ïÏù∏,I.N,YANGJEONGIN,stray kids comeback,Ïä§Ìä∏Î†àÏù¥ ÌÇ§Ï¶à Ïª¥Î∞±,Ïä§ÌÇ§Ï¶à Ïª¥Î∞±,skz comeback,skz,lose my breath,stray kids lose my breath,skz lose my breath,stray kids charlie puth,skz charlie puth,Ïä§ÌÇ§Ï¶à Ï∞∞Î¶¨Ìë∏Ïä§,skz mv,lose my breath mv,Ïä§ÌÇ§Ï¶à ÎÆ§ÎπÑ,Ïä§Ìä∏Î†àÏù¥ÌÇ§Ï¶à ÎÆ§ÎπÑ,Ïä§ÌÇ§Ï¶à lose my breath ÎÆ§ÎπÑ",https://i.ytimg.com/vi/SQ1yPMTIwCU/default.jpg,10,PT2M53S,14654552,1000461,0,118298
12/05/2024,K4QzrXhurN0,SMTOWN,aespa ÏóêÏä§Ìåå 'Supernova' MV Teaser,2024-05-11T15:00:15Z,"aespa,ÏóêÏä§Ìåå,√¶spa,teaser,Ìã∞Ï†Ä,mv,music video,ÎÆ§ÏßÅÎπÑÎîîÏò§,Ïπ¥Î¶¨ÎÇò,ÏßÄÏ†§,ÏúàÌÑ∞,ÎãùÎãù,KARINA,GISELLE,WINTER,NINGNING,ÏäàÌçºÎÖ∏Î∞î,ÏàòÌçºÎÖ∏Î∞î,ÏïÑÎßàÍ≤üÎèà,supernova,armageddon",https://i.ytimg.com/vi/K4QzrXhurN0/default.jpg,10,PT30S,1216570,141113,0,6160
12/05/2024,swVqSElGaHI,JJ Olatunji,I HAVE RETURNED!,2024-05-10T17:55:38Z,,https://i.ytimg.com/vi/swVqSElGaHI/default.jpg,24,PT17M42S,1371198,103446,0,4187
12/05/2024,AJZIwDbJxPA,DaFuq!?Boom!,skibidi toilet 73 (full episode),2024-05-10T00:30:08Z,"sfm animation,skibidi toilet vs cameramen,skibidi toilet,scientist skibidi,tv woman,titan cameraman,titan speakerman,skibidi toilet all episodes,titan tv man,g-toilet,gman toilet",https://i.ytimg.com/vi/AJZIwDbJxPA/default.jpg,24,PT9M41S,18992647,730899,0,57783
12/05/2024,jBlC5AOYoBs,Tee Grizzley,Tee Grizzley - Swear to God (Feat. Future) [Official Video],2024-05-10T04:00:06Z,"Tee Grizzley,2 Vaults,Activated,Hip Hop,From The D To The A,Detroit,TeeGrizzley,Jettski Grizzley,Bloodas,Rap,First Day Out,TGrizzly,Jetski Grizzley,Trap,Tgrizzley,Tee Grizzley - Swear to God (Feat. Future) [Official Video],Tee Grizzley Swear to God ft Future,Swear to God Tee Grizzley ft Future,swear to god tee grizzley ft future,tee grizzley ft future swear to god,swear to god tee grizzley,tee grizzley swear to god,swear to god,tee grizzley future,future",https://i.ytimg.com/vi/jBlC5AOYoBs/default.jpg,10,PT3M5S,682933,42056,0,1975
12/05/2024,zlFH3aC7Z_c,How Ridiculous,How Far Will This Roll Down A Mountain?,2024-05-10T22:00:39Z,"how ridiculous,rexy,44club",https://i.ytimg.com/vi/zlFH3aC7Z_c/default.jpg,17,PT17M13S,594343,24506,0,1417
12/05/2024,c2aO11sFFlI,DARK MOON by HYBE,ENHYPEN (ÏóîÌïòÏù¥Ìîà) 'Fatal Trouble' Official MV Teaser | DARK MOON SPECIAL ALBUM 'MEMORABILIA',2024-05-11T15:00:02Z,,https://i.ytimg.com/vi/c2aO11sFFlI/default.jpg,24,PT17S,354400,83943,0,5204
12/05/2024,WJW-VvmRKsE,Charli XCX,Charli XCX - 360 (Official Video),2024-05-10T04:00:06Z,"charli xcx,charli xcx - von dutch,von dutch - charli xcx,charli xcx brat,brat charli xcx,charli xcx cult classic,von dutch addison rae remix,charli xcx addison rae remix,charli xcx addison rae,charli xcx 360,360 charli xcx,360 - charli xcx,charli xcx - 360,charli xcx rachel sennott,charli xcx julia fox,charli xcx gabbriette,charli xcx chloe cherry,charli xcx richie shazam,charli xcx b2b,brb charli xcx,charli xcx club classics,club classics charli xcx",https://i.ytimg.com/vi/WJW-VvmRKsE/default.jpg,10,PT4M25S,1036637,78574,0,3646
12/05/2024,GdE8rGHMsgU,On The Radar Radio,"The Sheff G ""On The Radar"" Freestyle",2024-05-10T18:00:06Z,"on the radar,off the radar,on the radar radio,freestyle,live performance,on the radar freestyle,off the radar freestyle,otr freestyle",https://i.ytimg.com/vi/GdE8rGHMsgU/default.jpg,10,PT2M15S,217532,17247,0,926
12/05/2024,ahDb2CJZV9I,Telanthric,I Used CLOCK UNITS Early!! (Toilet Tower Defense),2024-05-11T15:33:41Z,,https://i.ytimg.com/vi/ahDb2CJZV9I/default.jpg,20,PT8M5S,777250,25557,0,4274
12/05/2024,NzKNCn0SunA,TVLine,Young Sheldon 7x12 | George Dies,2024-05-10T01:01:00Z,"TVLine,Michael Ausiello,young sheldon,Lance Barber,Zoe Perry,young sheldon season 7,young sheldon finale,young sheldon george,young sheldon mary,young sheldon george and mary,big bang theory,the big bang theory,tbbt,sheldon cooper,cbs,tv,tv news,television,interview,season 7,young sheldon final episode,young sheldon final season,2024,young sheldon season 7 episode 11,young sheldon season 7 episode 12,episode 7,episode 12,young sheldon george dies",https://i.ytimg.com/vi/NzKNCn0SunA/default.jpg,24,PT9M23S,1889496,13034,0,1646
12/05/2024,ALM72lthdjE,Peso Pluma,"LA DURANGO (Lyric Video) - Peso Pluma, Junior H, Eslab√≥n Armado",2024-05-10T00:02:31Z,"Peso Pluma,Eslab√≥n Armado,Junior H,PP,Doble P,Double P,Junior,corridos,m√∫sica mexicana,La Durango,Prajin,Prajin Music,Double P Records",https://i.ytimg.com/vi/ALM72lthdjE/default.jpg,10,PT4M23S,1618529,107769,0,5909
12/05/2024,cOHBlzP-rDY,Karl Jobst,How One Cheater Changed Super Mario Maker History,2024-05-11T00:10:01Z,,https://i.ytimg.com/vi/cOHBlzP-rDY/default.jpg,20,PT15M29S,366087,22964,0,2169
12/05/2024,NTpbbQUBbuo,HozierVEVO,Hozier - Too Sweet (Official Video),2024-05-10T18:00:08Z,"too sweet hozier,unheard,you're too sweet for me,wildflower and barley,take my whiskey neat,hozier new song,fare well,hozier tiktok,empire now,hozier whiskey song,Hozier,Too Sweet",https://i.ytimg.com/vi/NTpbbQUBbuo/default.jpg,10,PT4M9S,618188,44980,0,1158
12/05/2024,xKEY6THtwuA,Shoreline Mafia,Shoreline Mafia - HEAT STICK (OHGEESY & FENIX FLEXIN)  [Official Music Video],2024-05-10T02:00:07Z,"Shoreline Mafia,ShoreLineDoThatShiT,OTX,Musty,Drakeo,The Ruler 03 Greedo,Atlantic Records,Hip Hop,Rap,traplantic,ohgeesy,master kato,fenix,rob vicious,nun major,Shoreline Mafia Mafia Bidness,Shoreline Mafia Bidness,Mafia Bidness,Shoreline Mafia lbum,Shore line,hyphy,hyphy music,Cali rap,California rap,cali hip hop",https://i.ytimg.com/vi/xKEY6THtwuA/default.jpg,10,PT2M18S,377281,40248,0,3098
12/05/2024,2JTBSa7XsjE,STUDIO CHOOM [Ïä§ÌäúÎîîÏò§ Ï∂§],'Trendsetter' X 'HUMBLE.' covered by ENHYPEN NI-KI(ÎãàÌÇ§) | May 2024 | Artist Of The Month (4K),2024-05-10T13:00:02Z,"M2,Ïó†Ìà¨,Ïä§ÌäúÎîîÏò§ Ï∂§,Ïä§Ï∂§,Studio choom,COVERS,Ïª§Î≤ÑÏä§,DANCE THE X,ÎåÑÏä§ Îçî ÏóëÏä§,ÎåÑÏä§,DANCE,ÎπÑ Ïò§Î¶¨ÏßÄÎÑê,BE ORIGINAL,Ïª§Î≤Ñ,COVER,Artist Of The Month,AOTM,Drop the dance,ÎìúÎ°≠ÎçîÎåÑÏä§,Mix & Max,ÎØπÏä§Ïï§Îß•Ïä§,ÎØπÏï§Îß•,ÏóîÌïòÏù¥Ìîà,ÏóîÌïòÏù¥Ìîà ÎãàÌÇ§,ni-ki,enhypen,enhypen ni-ki,aotm ni-ki,ni-ki aotm,artist of the month,ÏïÑÏò§Î®º,ÏïÑÏò§Î®º ÎãàÌÇ§,ÎãàÌÇ§ ÏïÑÏò§Î®º,ÎãàÌÇ§ ÏóîÌïòÏù¥Ìîà,trendsetter,humble,kendrick lamar humble,connor price,ÏºÑÎìúÎ¶≠ÎùºÎßà",https://i.ytimg.com/vi/2JTBSa7XsjE/default.jpg,24,PT3M12S,2859572,348991,0,25720
12/05/2024,nXia20jA4tI,Dr.Tamitha Skov,"An Extreme G4 Solar Storm Train, Eight Storms Race to Earth | Space Weather Spotlight 10 May 2024",2024-05-10T19:43:42Z,"space weather,GPS,amateur radio,aurora,photography,astronaut,NASA",https://i.ytimg.com/vi/nXia20jA4tI/default.jpg,25,PT20M50S,264120,9811,0,1090
12/05/2024,D_HIsjhzuro,Grind Hard Plumbing Co,Can the Monster Chopper Hill Climb?,2024-05-10T19:30:01Z,"hill climb racing,chopper bike,hill climb,hill climb motocross,hill climb monsters,monster chopper,off road chopper,chopper motorcycle,chopper motorcycle off roading,chopper motorcycle build,chopper motorcycle sound,chopper motorcycle ride,grind hard plumbing co",https://i.ytimg.com/vi/D_HIsjhzuro/default.jpg,2,PT40M15S,597543,26945,0,2343
12/05/2024,bkWCBKcZYEI,gabi belle,Gen Alpha vs Gen Z is so dumb,2024-05-10T17:00:17Z,"gabi belle,commentary",https://i.ytimg.com/vi/bkWCBKcZYEI/default.jpg,23,PT16M41S,417065,26408,0,2729
12/05/2024,3sqqBjGByXI,TIVEVO,"T.I., & YoungBoy Never Broke Again - LLOGCLAY [Official Music Video]",2024-05-10T16:00:06Z,"#TI,#YoungBoyNeverBrokeAgain,#NBAyoungBoy,#LLOGClay,#YoungBoy,#NeverBroke Again,#OfficialVideo,#RapVideo,#RapMusicVideo,#HipHopMusic,#RapSong",https://i.ytimg.com/vi/3sqqBjGByXI/default.jpg,10,PT3M44S,209092,17758,0,1131
12/05/2024,VbsKll8ikCs,DEATH BATTLE!,Is DEATH BATTLE dead???,2024-05-10T18:00:14Z,"DEATH BATTLE,Rooster Teeth,DBX,DEATH BATTLE Cast,screwattack,deathbattle,roosterteeth,savedeathbattle,red vs blue,ben singer,chad james",https://i.ytimg.com/vi/VbsKll8ikCs/default.jpg,24,PT1M5S,246555,25000,0,2076
12/05/2024,_23MbK9QLd0,Euphoric Brothers,Garten of Banban 8 - Official Teaser Trailer,2024-05-10T14:05:19Z,"garten of banban devlog,garten of banban ending,poppy playtime,garten of banban gameplay,garten of banban game,garten of banban bosses,garten of banban,garten of banban trailer,garten of banban teaser,garten of banban 7 teaser,garden of banban,garden of banban gameplay,garden of banban trailer,garten of banban 7,garten of banban 7 gameplay,garten of banban 5,garten of banban 8 gameplay,garten of banban 8 teaser,garten of banban 8 trailer,garden of banban 8",https://i.ytimg.com/vi/_23MbK9QLd0/default.jpg,20,PT1M15S,1739703,56371,0,6213
12/05/2024,gnvW3fY3gyg,Young Sheldon,Young Sheldon Series Finale Preview,2024-05-10T16:07:16Z,"the young sheldon,young sheldon,CBS Comedy,young sheldon cast,young sheldon trailer,young sheldon cooper,young sheldon show,young sheldon tv show,cbs young sheldon,Jim Parsons,CBS,Iain Armitage,Zoe Perry,Lance Barber,CBS Sitcom",https://i.ytimg.com/vi/gnvW3fY3gyg/default.jpg,24,PT2M10S,124186,1743,0,146
12/05/2024,h452os46-xo,morgans vlogs,I have a lot to say...,2024-05-10T17:59:12Z,"morgan,Morgans vlogs,Morgan adams,Ryland adams,Morgan Adams vlogs,demo,my house tour,diy,vlogmas,shane,renovations,Morgan house renovations,vlog,competition,family channel,Ryland Shane morgan,christmas,vlogger,Morgan and trinity,grwm,overshare about my life,addressing my weight loss,weight loss,weight loss journey,andrew and garrett,adhd medication,adhd,adhd journey,mental health,assumptions about me",https://i.ytimg.com/vi/h452os46-xo/default.jpg,22,PT34M3S,162703,10513,0,2063
12/05/2024,OQH886xgcY0,J abdiel,"WYA REMIX BLUE üîµ - (Video Oficial) J Abdiel, IZaak, Hades 66, Corina Smith, Miky Woodz",2024-05-10T04:00:07Z,,https://i.ytimg.com/vi/OQH886xgcY0/default.jpg,10,PT4M51S,1378903,58836,0,1662
12/05/2024,ywWwUuWRgsM,Nerrel,Recompilation: An Incredible New Way to Keep N64 Games Alive,2024-05-10T21:45:58Z,"emulation,nintendo 64,preservation,pc port,decompilation,majora's mask,ray tracing,high framerates,mod,wiseguy,dario,rt64",https://i.ytimg.com/vi/ywWwUuWRgsM/default.jpg,20,PT11M13S,223420,19909,0,1748
12/05/2024,g5Ow-kFPtLI,J abdiel,"WYA REMIX RED üî¥ - (Video Oficial) J Abdiel, De La Rose, Yan Block, Jay Wheeler, IZaak",2024-05-10T04:00:07Z,"J Abdiel,De La Rose,Yan Block,Jay Wheeler,IZaak,WYA,WYA REMIX,WYA REMIX RED,2024,Latino,Latina",https://i.ytimg.com/vi/g5Ow-kFPtLI/default.jpg,10,PT5M23S,1398087,49027,0,1394
12/05/2024,E7yFvL9WBk4,Nick Pro,Stunts From KNUCKLES In Real Life (Sonic The Hedgehog),2024-05-10T13:11:51Z,"stunts from knuckles,knuckles stunts,stunts from sonic,sonic stunts,sonic stunts in real life,nick pro,nick pro parkour,knuckles,sonic the hedgehog,sonic,sonic the hedgehog 2,sonic movie,stunts in real life,in real life,sonic in real life,stunts,sonic the hedgehog movie,parkour,sonic parkour,real life,sonic the movie",https://i.ytimg.com/vi/E7yFvL9WBk4/default.jpg,17,PT9M56S,622546,5886,0,201
12/05/2024,UkA-afhxZjg,NBA,"#2 NUGGETS at #3 TIMBERWOLVES | FULL GAME 3 HIGHLIGHTS | May 10, 2024",2024-05-11T04:22:52Z,"Basketball,G League,NBA,game-0042300233",https://i.ytimg.com/vi/UkA-afhxZjg/default.jpg,17,PT9M32S,1830590,14284,0,3166
12/05/2024,2UyVehnq8Lo,CBS Sports Golazo - Europe,Bayer Leverkusen vs. Roma: Extended Highlights | UEL Semi-Finals 2nd Leg | CBS Sports Golazo,2024-05-09T21:32:49Z,,https://i.ytimg.com/vi/2UyVehnq8Lo/default.jpg,17,PT14M56S,682992,8361,0,826
12/05/2024,75JPzYvOf1s,"Ryan Hall, Y'all","The May 8, 2024 Severe Weather Outbreak, As It Happened‚Ä¶",2024-05-09T06:57:19Z,"live,weather,live weather channel,weather forecast,tornado,tornadoes,texas,txwx,lawx,nmwx,okwx",https://i.ytimg.com/vi/75JPzYvOf1s/default.jpg,24,PT11H54M59S,2673541,62737,0,362
12/05/2024,yyjiJWXrQ30,PearlescentMoon,Hermitcraft 10: Po Po Permit Purr Purr | Episode 14,2024-05-10T12:25:54Z,"hermitcraft season 10,hermitcraft 10,hermitcraft,minecraft hermitcraft,pearlescentmoon,minecraft lets play,Minecraft,hermitcraft pearl,hermitcraft pearlescentmoon,minecraft starter base,hermitcraft season 10 episode,permit office,minecraft 1.20,hermitcraft friends,Scar,Geminitay,Rendog,Minecraft chorus farm,hermit craft,goodtimeswithscar,hermitcraft season x,season 10,hermitcraft minecraft,hermitcraft vanilla,hc10",https://i.ytimg.com/vi/yyjiJWXrQ30/default.jpg,20,PT35M13S,208965,16599,0,841
12/05/2024,qGsQl4FQFbQ,Inheritance Machining,Half of a Great Idea,2024-05-10T14:00:44Z,"inheritance machining,inheritance,gears,gear manufacturing,gear hobbing,eureka,bronze,ratchet,involute,notching,lathe,lathe machine,milling machine,bridgeport,rotary table,forming,machine shop,machining,machinist,machine,machine learning,funny,puns,satisfying,do it yourself,storyteller,maker,cathartic,engineering,youtube,asmr,dad jokes,chamfer,chamfering,mechanism,eureka tool",https://i.ytimg.com/vi/qGsQl4FQFbQ/default.jpg,28,PT26M34S,253604,17742,0,881
12/05/2024,1nEkMeQsQnk,Fanum Live,Fanum Reunites With AMP On Stream..üòÇ,2024-05-09T19:16:52Z,"fanum,fanumfunny,fanumstreams,fanumlive,livefanum",https://i.ytimg.com/vi/1nEkMeQsQnk/default.jpg,20,PT19M9S,657798,15981,0,469
13/05/2024,phuiiNCxRMg,SMTOWN,aespa ÏóêÏä§Ìåå 'Supernova' MV,2024-05-13T09:00:41Z,"aespa,ÏóêÏä§Ìåå,√¶spa,mv,music video,ÎÆ§ÏßÅÎπÑÎîîÏò§,Ïπ¥Î¶¨ÎÇò,ÏßÄÏ†§,ÏúàÌÑ∞,ÎãùÎãù,KARINA,GISELLE,WINTER,NINGNING,ÏäàÌçºÎÖ∏Î∞î,ÏàòÌçºÎÖ∏Î∞î,ÏïÑÎßàÍ≤üÎèà,supernova,armageddon,ÎÆ§ÎπÑ",https://i.ytimg.com/vi/phuiiNCxRMg/default.jpg,10,PT3M14S,11780331,627989,0,39974
13/05/2024,HLX1HxJm5wM,ChildishGambinoVEVO,Childish Gambino - Little Foot Big Foot (Official Video) ft. Young Nudy,2024-05-13T04:00:08Z,"Childish Gambino feat. Young Nudy,Little Foot Big Foot,Childish Gambino Atavista,Donald Glover Atavista,Childish Gambino 31520,Donald Glover 31520,Childish Gambino this is america,donald glover this is america,chidlish gambino awaken my love,gilga radio,gilga radio donald glover,gilga radio childish gambino,because the internet childish gambino,new donald glover,new childish gambino music 2024,childish gambino official video",https://i.ytimg.com/vi/HLX1HxJm5wM/default.jpg,10,PT6M14S,725163,62701,0,3612
13/05/2024,89PIuXrd7lg,Steezy Kane,Not Like Us (IN PUBLIC),2024-05-13T10:44:57Z,"isaiah shepard,steezy kane,steezy,stezzy,stezzy kane,cheezy steezy,funny,comedy,drake,kendrick,kendrick lamar,drake kendrick,not like us,they not like us,not like us in public,singing in public,the heart part six,kendrick lamar in public",https://i.ytimg.com/vi/89PIuXrd7lg/default.jpg,24,PT8M16S,229284,44603,0,4210
13/05/2024,aoKL75ns_8c,Let's Game It Out,I Tricked an Entire Nation Into Surrendering to My Army of Just 11 People - Manor Lords,2024-05-12T15:00:04Z,"let's game it out,lets game it out,let game it out,let'sgameitout,letsgameitout,letgameitout,game it out,gameitout,lgio,josh let's game it out,let's game it out josh,lgio josh,josh lgio,let's game it out simulator,josh simulator,funny moments,manor lords,manor lords gameplay,manor lords game",https://i.ytimg.com/vi/aoKL75ns_8c/default.jpg,20,PT27M51S,1391791,65559,0,2135
13/05/2024,LaQu_ZmlTlc,Complex,Ice Spice Goes Sneaker Shopping With Complex,2024-05-13T14:00:16Z,"Ice Spice,Sneaker Shopping,Ice Spice Goes Sneaker Shopping,complex networks,ice spice type beat,sneakerhead,complex,complex originals,sneakers,news,entertainment,culture,complex media,sneaker shopping,goat talk,hype news,pop culture,joe la puma,sneaker collection 2024,ice spice reaction",https://i.ytimg.com/vi/LaQu_ZmlTlc/default.jpg,24,PT10M35S,183634,8242,0,648
13/05/2024,F6PqxbvOCUI,MrBeast,"Protect The Yacht, Keep It!",2024-05-11T16:00:00Z,,https://i.ytimg.com/vi/F6PqxbvOCUI/default.jpg,24,PT15M8S,54079283,2555467,0,59802
13/05/2024,vXsbxxNpeI0,Top Rank Boxing,The Dominating SKILL From Vasiliy Lomachenko Against George Kambosos! | FIGHT HIGHLIGHTS,2024-05-12T05:43:56Z,"top rank boxing,boxing,vasiliy lomachenko vs george kambosos fight highlights,vasiliy lomachenko vs george kambosos fight,vasiliy lomachenko george kambosos,vasiliy lomachenko boxing highlights,vasiliy lomachenko vs george kambosos,vasyl lomachenko,vasyl lomachenko vs george kambosos,vasyl lomachenko vs george kambosos fight,vasiliy lomachenko vs george kambosos full fight,vasiliy lomachenko,loma vs kambosos highlights,loma vs kambosos,lomachenko vs kambosos,loma",https://i.ytimg.com/vi/vXsbxxNpeI0/default.jpg,17,PT2M23S,1681705,27718,0,4659
13/05/2024,CoBgA8n0ybk,Cleetus2 McFarland,2024 Mom Prix - Mother's Day Race! WHAT A BATTLE!!!,2024-05-12T12:46:02Z,,https://i.ytimg.com/vi/CoBgA8n0ybk/default.jpg,2,PT2H3M49S,405792,27202,0,3016
13/05/2024,8vCa5R72Mmc,Laughability,I Spent 50 HOURS at RNG Games in Roblox,2024-05-13T02:39:27Z,"roblox laughability,roblox,laughability,laugh ability,laugh ability roblox,laughability youtube,roblox youtube,roblox sols rng,sols rng,50 hours rng roblox,50 hour roblox challenge,roblox challenge,laughability challenge,sols rng 50 hours,sols rng afk,sols rng hours,hades rng,anime rng,player rng,spending time at sols rng,sols rng every aura,noob to master sols rng,roblox rng games,best roblox rng game,laughability rng games,sols rng compilation",https://i.ytimg.com/vi/8vCa5R72Mmc/default.jpg,20,PT33M33S,294734,11501,0,1889
13/05/2024,1Nshwsz-f7M,MultiVersus,MultiVersus ‚Äì Official The Joker ‚ÄúSend in the Clowns!‚Äù Gameplay Trailer,2024-05-13T12:59:24Z,"MultiVersus,Multiverses,Multiverse,Multi Versus,Joker,The Joker,Mark Hammill,Batman,Warner Bros. Games,WB Games,PFG,Player First Games,Platform Fighter,Free to play,2v2,1v1,free for all,Steam,PC,Playstation,PS5,Microsoft,Xbox Series X,Xbox Series S,Tony,WB Animation,DC Comics,Adult Swim,Cartoon Network,Iron Giant,Scooby Doo,Reindog,Tom and Jerry,Unreal 5,Powerpuff Girls,PvP,Shaggy,Bugs Bunny,The Killing Joke,The Batman Who Laughs,Dr Harleen Quinzel",https://i.ytimg.com/vi/1Nshwsz-f7M/default.jpg,20,PT1M22S,227330,12068,0,1139
13/05/2024,L9Ts6kiEAts,ZEROBASEONE,ZEROBASEONE (Ï†úÎ°úÎ≤†Ïù¥Ïä§Ïõê) 'Feel the POP' MV,2024-05-13T08:58:08Z,"ZEROBASEONE,Ï†úÎ°úÎ≤†Ïù¥Ïä§Ïõê,Ï†úÎ≤†Ïõê,ZB1,ZERO BASE ONE,ZEROBASEONE official,ZERO BASE ONE official,Ï†úÎ°úÏ¶à,ÏÑ±ÌïúÎπà,ÍπÄÏßÄÏõÖ,Ïû•ÌïòÏò§,ÏÑùÎß§Ìäú,ÍπÄÌÉúÎûò,Î¶¨ÌÇ§,ÍπÄÍ∑úÎπà,Î∞ïÍ±¥Ïö±,ÌïúÏú†ÏßÑ,SUNGHANBIN,KIMJIWOONG,ZHANGHAO,SEOKMATTHEW,KIMTAERAE,RICKY,KIMGYUVIN,PARKGUNWOOK,HANYUJIN,ZEROSE",https://i.ytimg.com/vi/L9Ts6kiEAts/default.jpg,24,PT3M24S,5883764,165778,0,13103
13/05/2024,D4NkQ9z65w8,DARK MOON by HYBE,ENHYPEN (ÏóîÌïòÏù¥Ìîà) 'Fatal Trouble' Official MV | DARK MOON SPECIAL ALBUM 'MEMORABILIA',2024-05-13T09:00:20Z,,https://i.ytimg.com/vi/D4NkQ9z65w8/default.jpg,24,PT2M54S,835339,196097,0,16726
13/05/2024,iHHMG9IXfMk,Avocado Animations,Kendrick Vs Drake in an Anime,2024-05-12T18:43:58Z,"Kendrick Lamar vs Drake,Drake vs Kendrick,Drake Kendrick animations,Avocado Animations Kendrick Lamar,Drake meme,BBL Drizzy,BBL Drizzy animation,Drake drama,they not like us,Meet the grahams,Anime parody,Death Note Parody",https://i.ytimg.com/vi/iHHMG9IXfMk/default.jpg,1,PT1M31S,760245,73196,0,2317
13/05/2024,8lsNJ24OAIU,Jersey Shore,Ronnie Meets Sammi's Boyfriend üò¨ Jersey Shore: Family Vacation,2024-05-13T16:00:05Z,"fights jersey shore family vacation,Best Moments Jersey Shore,jersey shore,angelina jersey shore,chris jersey shore,throwback,Jersey Shore: Family Vacation,MTV,Jersey Shore,Jersey Shore Ranked,compilation,Top Moments,TBT,Deena,Sammi,Snookie,Ronnie,mike,the situation,Vinny,JS,Jenni,DJ Pauly D,seaside,jersey shore: family vacation,Angelina jersey shore,jersey shore full episode,jersey shore family vacation full episode,season 7,jersey shore season 7,full episode",https://i.ytimg.com/vi/8lsNJ24OAIU/default.jpg,24,PT6M16S,98636,2362,0,418
13/05/2024,ZPkzX5PCNFg,Donut,We Infiltrated the PT Cruiser Community,2024-05-13T15:00:33Z,"donut,donut media,cars,james pumphrey,up to speed,moneypit",https://i.ytimg.com/vi/ZPkzX5PCNFg/default.jpg,2,PT15M41S,573968,35578,0,3039
13/05/2024,76QV2SrSqgo,Duke University,Jerry Seinfeld | Duke's 2024 Commencement Address,2024-05-12T18:15:21Z,,https://i.ytimg.com/vi/76QV2SrSqgo/default.jpg,27,PT16M52S,241770,5344,0,785
13/05/2024,FaiAIkMQhMQ,DougDougDoug,I downloaded Microsoft Flight Sim (NOT CLICKBAIT),2024-05-12T19:00:06Z,"DougDoug,DougDoug's Leftovers,DougDoug Youtube,DougDoug second channel,dougdoug stream highlights,dougdoug twitch,dougdoug twitch highlights,dougdoug stream,twitch,twitch chat,twitch plays,DougDougDoug,DougDougDoug Youtube,microsoft flight sim,flight simulator",https://i.ytimg.com/vi/FaiAIkMQhMQ/default.jpg,20,PT16M46S,425466,31095,0,1391
13/05/2024,qLsgDzpewII,AntsCanada,What Happened After Creating a Storm In My Giant Rainforest Vivarium,2024-05-12T15:39:04Z,"ants,pets,terrarium,ant farm,antfarm,antscanada,animals,insects,exotic pets,myrmecology,science,education,ecosystem",https://i.ytimg.com/vi/qLsgDzpewII/default.jpg,15,PT30M12S,501874,28429,0,3811
13/05/2024,ixLskmHQFl4,Big Beak Entertainment,Fallout 4 is great and I'm tired of pretending it's not,2024-05-12T16:00:28Z,"Fallout 4,fallout,big beak entertainment,fallout 4 funny,is fallout 4 good?,how to play fallout 4,fallout 4 release,fallout 4 summary,big beak fallout 4",https://i.ytimg.com/vi/ixLskmHQFl4/default.jpg,20,PT33M21S,241804,17244,0,1741
13/05/2024,EPbVUR6Y83k,James Hoffmann,The KinGrinder P1: Why A Cheap Hand Grinder Has Me A Little Excited,2024-05-13T15:30:04Z,"james hoffmann,james hoffman,jimseven,coffee",https://i.ytimg.com/vi/EPbVUR6Y83k/default.jpg,24,PT17M32S,199772,11187,0,975
13/05/2024,dnxcaQNN9d4,Settled,I've survived 186 hours with 1 HP on Runescape,2024-05-12T19:28:42Z,"Mory,Morytania,Area,Maxing,Max,OSRS,UIM,End,Game,Ultimate,Ironman,Old,School,Runescape,RS3,Settled,Settledrs,Progress,Video,Tricks,Tips,Bossing,Skilling,2007,2007Scape,Dream,Gear,Items,Boss,Episode,Settled UIM,UIM Settled,OSRS Settled,Morytania UIM,Morytania Ironman,Mory Ironman,Maxed UIM,UIM Maxing",https://i.ytimg.com/vi/dnxcaQNN9d4/default.jpg,20,PT16M28S,374240,19359,0,872
13/05/2024,_JWGVXtbRPk,Diesel Creek,Cleaning up an Abandon Barn! (Rotting for 10+ years),2024-05-12T11:22:52Z,"Barn,Farm,heavy equipment,construction,digger,diesel,Cummins,homestead,building,caterpillar,cat,Volvo,JCB,case,excavator,loader,outdoors,nature,freedom,green,Enviromental,hippie,old soul,farm,woods,forest,Farming,Komatsu,cows,livestock,USA,America",https://i.ytimg.com/vi/_JWGVXtbRPk/default.jpg,2,PT51M,404828,49233,0,1851
13/05/2024,zsrEgf7Umfw,Jurassic World Evolution 2,Jurassic World Evolution 2: Park Managers‚Äô Collection Pack | Announce Trailer,2024-05-13T13:00:15Z,"Jurassic World Evolution 2,Jurassic World Evolution,JWE2,Jurassic Park,Jurassic World,Jurassic World game,Jurassic World game 2,dinosaur game,dinosaurs,Jurassic Park game,Launch Trailer,Megalodon,Microceratus,Thanatosdrakon,Segisaurus,Camp Cretaceous,Dinosaurs,Meg Pack,fan favourites DLC,new species,Jurassic World Game 2,JWE,Jurassic World Evolution 2: Park Managers Collection Pack,the meg,jurassic world meg,jurassic world evolution meg",https://i.ytimg.com/vi/zsrEgf7Umfw/default.jpg,20,PT30S,74073,5816,0,728
13/05/2024,xIvclo_0fZY,Louaista,"The ""Drake Feature"" Curse",2024-05-12T16:00:52Z,"hip hop,canvas,canvas man,louaista",https://i.ytimg.com/vi/xIvclo_0fZY/default.jpg,10,PT18M51S,334414,9168,0,1462
13/05/2024,4QIZE708gJ4,PostMaloneVEVO,Post Malone - I Had Some Help (feat. Morgan Wallen) (Official Video),2024-05-10T14:00:06Z,"post malone,had some help,morgan wallen,post malone morgan wallen,post malone had some help,morgan wallen had some help,had some help post malone morgan wallen,posty had some help,posty",https://i.ytimg.com/vi/4QIZE708gJ4/default.jpg,10,PT3M22S,7167182,304558,0,11670
13/05/2024,3dqqj7ThetM,PlayOverwatch,Overwatch 2 | Porsche | Gameplay Trailer,2024-05-13T16:00:02Z,"Overwatch 2,Overwatch",https://i.ytimg.com/vi/3dqqj7ThetM/default.jpg,20,PT1M20S,122760,7064,0,951
13/05/2024,qytLDHSi7Mw,Antonio Garza,Why i Quit Youtube‚Ä¶,2024-05-12T22:13:54Z,,https://i.ytimg.com/vi/qytLDHSi7Mw/default.jpg,24,PT14M52S,189731,29469,0,2812
13/05/2024,0WoxPHcJ3tw,Mike Majlak Vlogs,We Finally Confronted Our Old Friend‚Ä¶ | The Night Shift,2024-05-12T18:20:00Z,"logan paul,jake paul,mike majlak,faze clan,youtuber,impaulsive,the night shift,sommerray,ksi,nelk boys,the nelk boys,corinna kopf,mr. beast,london,sidemen,prime,los angeles,the sidemen,travel,wwe,brazil,ishowspeed,speed,ronaldo,messi,kai cenat,majlak,australia,sydney,ufc,jidion,new york city,tana mongeau,man u,party,barstool,dave portnoy,manchester united,bayern munich,xqc,dillon danis,andrew schulz,niko,tommy fury,volkanovski,n3on,patrick mahomes",https://i.ytimg.com/vi/0WoxPHcJ3tw/default.jpg,24,PT17M2S,318393,13729,0,564
13/05/2024,VgR4n_uQnww,CookieRun: Kingdom,All secrets shall come to light in the Realm of Apathy ‚òÅÔ∏è,2024-05-13T10:00:22Z,,https://i.ytimg.com/vi/VgR4n_uQnww/default.jpg,20,PT1M36S,111862,11609,0,1592
13/05/2024,Ubf9vriP4Go,ESPN,Stephen A. WAS SHOCKED & AGAIN ISSUES apology to Nuggets fans üëÄ | First Take,2024-05-13T14:39:29Z,"Stephen A. Smith,Stephen A.,Stephen A. Smith First Take,First Take,First Take ESPN,First Take Stephen A. Smith,First Take Stephen A.,Stephen A Smith,Stephen A Smith First Take,Stephen A First Take,Stephen A. Vs Shannon Sharpe,Shannon Sharpe,Shannon Sharpe First Take,Molly Qerim,Molly Qerim First Take,ESPN First Take,stephen a smith nuggets,nuggets vs timberwolves,timberwolves vs nuggets,nikola jokic,nuggets vs timberwolves game 4,nuggets highlights",https://i.ytimg.com/vi/Ubf9vriP4Go/default.jpg,17,PT11M27S,438528,6194,0,1469
13/05/2024,JWCBNL-iu5s,Baumgartner Restoration,Restoring The Faceless Painting - Part 3,2024-05-13T14:00:18Z,"Baumgartner,Julian,restoration,ASMR,paintings,cleaning,scraping,repair,Art,fine art,conservation,painting restoration,old art,painting,painting conservation,oil painting,new again,restore",https://i.ytimg.com/vi/JWCBNL-iu5s/default.jpg,24,PT22M21S,114115,12522,0,722
13/05/2024,SToocHIhCN4,Brent Rivera,Me VS World's Most EVIL Teacher!!,2024-05-12T08:08:40Z,,https://i.ytimg.com/vi/SToocHIhCN4/default.jpg,24,PT23M45S,1608968,90516,0,3850
13/05/2024,pomYvecMHDs,NASCAR,NASCAR Official Extended Highlights: Tempers flare at Darlington Raceway | Goodyear 400,2024-05-12T23:00:54Z,"buescher vs. reddick,reddick vs buescher,reddick fight,buescher fight,tyler reddick vs. chris buescher,reddick buescher fight,darlington,throwback weekend,brad keselowksi,keselowski wins,reddick wrecks buescher,chris buescher wrecked by tyler reddick,tyler reddick,chris buescher,nascar fight,fights,fight,nascar argument,driver fight,nascar cup series,extended highlights,NASCAR Official Extended Highlights: Tempers flare at Darlington Raceway,Goodyear 400",https://i.ytimg.com/vi/pomYvecMHDs/default.jpg,17,PT14M23S,125566,1491,0,146
13/05/2024,bJ5FDtgOwjo,NASASpaceNews,Breaking: Giant Sunspot AR3664 Could Unleash Catastrophic Solar Storms!,2024-05-12T22:31:58Z,"space news,nasa,nasa space news,sunspot AR3664,solar storm,geomagnetic storm,solar flare risk,NOAA warning,sunspot activity,solar cycle,eclipse glasses,space weather,power grid,solar system,celestial phenomena,Earth technology impact,sunspot observation,magnetic storms,solar physics,space science,astronomy,astrophysics,earth science,solar observation,sunspot tracking,solar storm effects,solar flare impact,emergency preparedness,cosmic events",https://i.ytimg.com/vi/bJ5FDtgOwjo/default.jpg,28,PT12M9S,272631,7068,0,1054
13/05/2024,i4ycmU_KhQM,PWR,"$1 VS $100,000 Gaming Setup! - Fortnite",2024-05-12T18:00:15Z,"PWR,Team PWR,Lachlan,Lachy,Worthy,Fortnite,Epic Games,Fortnite Lachlan,Fornite Lachy,Battle Royale,Esports,gaming,competitive gaming,Chanzes,Power,Team,challenge,Overstrand,Vindooly,Saevid,Lufu,Loserfruit,Looter,Winter,cheap,vs,expensive,$1,$100000,setup,keyboard",https://i.ytimg.com/vi/i4ycmU_KhQM/default.jpg,20,PT23M35S,545466,13021,0,743
13/05/2024,pZqsS6eszvs,LilAggy,Elden Ring but everything I do costs me progressively more runes,2024-05-12T16:00:41Z,"lilaggy,lil aggy",https://i.ytimg.com/vi/pZqsS6eszvs/default.jpg,20,PT59M53S,221059,10536,0,570
13/05/2024,dvCweOmHlkk,Iron Pineapple,I played 1 Souls-Like game you've never heard of,2024-05-11T17:31:03Z,"soulslike,souls like,iron pineapple,dark souls,elden ring,gameplay,funny,co-op,review,guide,commentary",https://i.ytimg.com/vi/dvCweOmHlkk/default.jpg,20,PT1H59M45S,1064596,47757,0,3755
13/05/2024,8gIzMPofwyM,LoL Esports,T1 vs BLG | DAY 11 | MSI 2024,2024-05-12T10:24:59Z,"lol esports,league of legends,lol esports live,lol esports highlights,lol esports worlds,lol esports lcs,lol esports 2021,lol esports lpl,lol esports vods,lol esports all star,lol esports academy,lol esports animation,lol esports best moments,lol esports breakdown,lol esports best plays,lol esports best games,lol esports best outplays,lol esports channel,league of legends worlds,league of legends guide,league of legends champions",https://i.ytimg.com/vi/8gIzMPofwyM/default.jpg,20,PT7H5M31S,1279372,8459,0,279
13/05/2024,yxtCNtTDCAU,"XO, MaCenna",EXTREME KITCHEN RENOVATION EP 5 | Designing Our Custom Cabinetry,2024-05-12T18:04:14Z,"diy,xo macenna,macenna lee,mckenna,home decor,interior design,kitchen renovation ideas,kitchen renovation before and after,kitchen renovation diy,kitchen renovation,kitchen design,kitchen design 2024,kitchen design ideas,cabinetry woodworking,cabinetry design,cabinetry tips,cabinet making,kitchen makeover,room makeover",https://i.ytimg.com/vi/yxtCNtTDCAU/default.jpg,26,PT29M5S,159531,14725,0,498
13/05/2024,kktGhYFptUo,Clix,Letting YouTubers Control my Fortnite for 24 Hours,2024-05-12T20:14:03Z,"Clix,fortnite,moving truck,uhaul,u-haul,clix vlog,vlog,irl,challenge,fortnite challenge,unreal,clix sommer,u haul,playing fortnite in a truck,clicks,sypher,sypherpk,landon,youtubers,rug,faze rug,mr beast,clix content",https://i.ytimg.com/vi/kktGhYFptUo/default.jpg,20,PT15M42S,196968,9354,0,589
13/05/2024,3rzDhFU040s,NBA,"#2 NUGGETS at #3 TIMBERWOLVES | FULL GAME 4 HIGHLIGHTS | May 12, 2024",2024-05-13T02:41:13Z,"Basketball,G League,NBA,game-0042300234",https://i.ytimg.com/vi/3rzDhFU040s/default.jpg,17,PT9M31S,1805584,17621,0,3447
13/05/2024,u-ek17sceEk,John Malecki,I Test Viral Bent Wood Table,2024-05-12T11:12:00Z,"John Malecki,John Malecki Builds,Woodworking,viral woodworking,viral trends,bending wood,bent lamination,live edge slabs,live edge wood,bending table,bent table,bending wood table,bent wood,bent wood tree,bent tree",https://i.ytimg.com/vi/u-ek17sceEk/default.jpg,26,PT30M32S,231519,8102,0,4862
13/05/2024,ZqU7TCmlG7E,ChildishGambinoVEVO,Childish Gambino - Atavista (Audio),2024-05-13T04:00:29Z,"Childish Gambino Atavista,Donald Glover Atavista,Childish Gambino 31520,Donald Glover 31520,Childish Gambino this is america,donald glover this is america,young nudy,ariana grande,21 savage,chidlish gambino awaken my love,gilga radio,gilga radio donald glover,gilga radio childish gambino,because the internet childish gambino,new donald glover,new childish gambino music 2024,childish gambino official video,Childish gambino 3005",https://i.ytimg.com/vi/ZqU7TCmlG7E/default.jpg,10,PT3M6S,84066,5303,0,438
13/05/2024,ge9JOFX0Qzk,JUSTKASS,Finding out HOW MANY KiDS we can have! | EGG RETRiEVAL SURGERY ü©∑ Ôøº,2024-05-12T13:22:06Z,"justkass,notenoughnelsons,not enough nelsons,teenage,teen videos,pregnancy,pregnancy test,pregant,im pregnant,ivf,fertility,egg retrieval,ivf egg retrieval,invitro,justkass pregnant,infertility,embryo transfer,justkass baby,iui,ivf journey,infertility journey,fertility journey,positive pregnancy test,invitro fertilization,ivf surgery,nen fam,nen,hopescope,jordan matter",https://i.ytimg.com/vi/ge9JOFX0Qzk/default.jpg,24,PT24M11S,486500,17193,0,2873
13/05/2024,MTxFIFY7Fj8,Eurovision Song Contest,WINNER'S PERFORMANCE: Nemo - The Code ‚ú® | Switzerland üá®üá≠ | Eurovision 2024 | Watch on Peacock,2024-05-12T02:14:02Z,"Eurovision Song Contest,Eurovision,Eurovision Tickets,EBU,Eurovision 2024,ESC2024,#UnitedByMusic,Malm√∂,Malm√∂ 2024",https://i.ytimg.com/vi/MTxFIFY7Fj8/default.jpg,24,PT56S,93652,783,0,246
13/05/2024,WUiinOuFLkA,Joshua Weissman,I Tested Viral Celebrity Recipes,2024-05-12T14:30:09Z,"sat bawl pro,joshua weissman,viral recipes,testing viral celebrity recipes,tiktok recipes,testing celebrity recipes,celebrity recipes,celebrity food recipes,recipes,best viral tiktok recipes,viral tiktok recipes,celebrity food,instagram viral recipes,viral tik tok recipes,tik tok recipes,best tiktok recipes,testing crazy celebrity recipes,testing recipes,testing popular celebrity recipes,celebrity pasta recipes,elvis sandwich,the rock,taylor swift",https://i.ytimg.com/vi/WUiinOuFLkA/default.jpg,26,PT28M23S,797786,31228,0,1322
13/05/2024,cs7aMvKcBcU,SROS,Reacting to the 2024 NBA Draft Lottery,2024-05-12T20:00:16Z,"NBA,LIVE,MY,LEAGUE,GM,EXPANSION,SROS,SIXRINGSOFSTEEL,SERIES,DRAFT,FANTASY,OFFSEASON,TRADES,FREE,AGENCY,SIGNINGS,MYGM,NBA TRADES,NBA RANKINGS,NBA TIER LISTS,NBA MOCK DRAFT,NBA QUIZ,NBA REACTION,NBA ARTICLES,NBA RANTS,NBA ANALYSIS,Reacting to the 2024 NBA Draft Lottery",https://i.ytimg.com/vi/cs7aMvKcBcU/default.jpg,17,PT11M17S,77392,2759,0,638
13/05/2024,wWrOUYAty0Q,Farfa,Rarity Collection... TWO! FULL SET REVEAL! (25th Anniversary Rarity Collection 2),2024-05-13T15:00:15Z,"yugioh,card,game,yu-gi-oh!,farfa,master duel",https://i.ytimg.com/vi/wWrOUYAty0Q/default.jpg,20,PT16M36S,60587,2071,0,554
13/05/2024,EmqFoojMeD8,pannenkoek2012,SM64‚Äôs Unopenable Door Has Finally Been Opened!,2024-05-11T18:00:06Z,"super,mario,64,sm64,video,game,video game,Super Mario 64 (Video Game),nintendo,nintendo 64",https://i.ytimg.com/vi/EmqFoojMeD8/default.jpg,20,PT11M49S,589849,35762,0,2203
13/05/2024,HY05T0Hs3cg,"WKBW TV | Buffalo, NY",Another shot at the Northern Lights in Western New York Sunday night,2024-05-12T23:58:39Z,northern lights weather,https://i.ytimg.com/vi/HY05T0Hs3cg/default.jpg,25,PT39S,211647,874,0,172
14/05/2024,TCwmXY_f-e0,Prime Video,The Lord of The Rings: The Rings of Power - Official Teaser Trailer | Prime Video,2024-05-14T13:30:12Z,"LOTR,amazon,amazon lord of the rings,amazon prime,amazon prime video,amazon studios,epic,fantasy,fantasy series,lord of the rings,lord of the rings season 2,lord of the rings trailer,lord of the rings tv series,lord of the rings tv show,lotr on prime,middle earth,middle-earth,prime video,prime video lord of the rings,rings of power,tolkien,tv series,tv series 2024,the lord of the rings rings of power,prime video rings of power,the rings of power season 2",https://i.ytimg.com/vi/TCwmXY_f-e0/default.jpg,1,PT1M44S,1755315,51510,0,13609
14/05/2024,YN2H_sKcmGw,Max,House of the Dragon Season 2 | Official Trailer | Max,2024-05-14T15:05:37Z,"max,hbo max,hbo,max originals,max streaming,max service,max app,max videos,max trailer,max teaser,max clip,hbo originals,house of the dragon,HOTD S2,GoT,house targaryen,house of the dragon season 2,house of the dragon trailer,rhaenyra targaryen,daemon targaryen,matt smith,emma 'd'arcy,alicent hightower,olivia cooke,dragons,targaryen dragons,game of thrones,house of the dragon new season,house of the dragon season 2 trailer,HOTD trailer,ASOIAF",https://i.ytimg.com/vi/YN2H_sKcmGw/default.jpg,24,PT2M37S,1459447,80964,0,4783
14/05/2024,ajf9eCaGzqk,Beta Squad,LAST TO LEAVE THE PRISON,2024-05-13T17:00:03Z,"Beta Squad,Last To Leave The Prison,Last To Leave Prison,Last To Leave,Last To Leave Challenge,Niko Omilana,Chunkz,King Kenny,AJ Shabeel,Sharky,Prison Challenge,Trapped In Prison",https://i.ytimg.com/vi/ajf9eCaGzqk/default.jpg,24,PT1H39M31S,3261494,135843,0,8891
14/05/2024,RU1QyAYa60g,Francis Ford Coppola ,Megalopolis - Teaser Trailer,2024-05-14T04:24:36Z,,https://i.ytimg.com/vi/RU1QyAYa60g/default.jpg,22,PT1M32S,1129102,40481,0,2838
14/05/2024,DQacCB9tDaw,OpenAI,Introducing GPT-4o,2024-05-13T17:45:43Z,,https://i.ytimg.com/vi/DQacCB9tDaw/default.jpg,28,PT26M13S,2666661,83102,0,0
14/05/2024,dcizzog5WBo,Dead by Daylight,Dead by Daylight | Dungeons & Dragons | Official Trailer,2024-05-14T15:38:52Z,"dead by daylight,dbd,behaviour interactive,bhvr,slasher game,survival horror",https://i.ytimg.com/vi/dcizzog5WBo/default.jpg,20,PT1M47S,208217,12343,0,987
14/05/2024,oOckVxc47tg,TheMacLife,Mike Tyson vs. Jake Paul: Tyson Laughs In Jake's Face | Face Off,2024-05-13T22:16:36Z,,https://i.ytimg.com/vi/oOckVxc47tg/default.jpg,17,PT2M33S,692278,3709,0,1652
14/05/2024,fzcPmPjTGBI,Alpharad,I turned Mario Wonder into a Nuzlocke,2024-05-13T22:09:38Z,alpharad,https://i.ytimg.com/vi/fzcPmPjTGBI/default.jpg,20,PT30M55S,463953,26322,0,1605
14/05/2024,YP6RI06J7aM,Lyrical Lemonade,Ian - Figure It Out (Official Music Video),2024-05-13T19:00:06Z,"lyrical lemonade,red truck,marshawn lynch,ian ferguson,ian rapper,canada,music video,train videos,snow,canada videos,ian music video,amd visuals,junkyard,reduciano 3d,ian figure it out,figure it out ian,marshawn lynch ian,marshawn lynch music video",https://i.ytimg.com/vi/YP6RI06J7aM/default.jpg,24,PT1M51S,388767,39409,0,3022
14/05/2024,phuiiNCxRMg,SMTOWN,aespa ÏóêÏä§Ìåå 'Supernova' MV,2024-05-13T09:00:41Z,"aespa,ÏóêÏä§Ìåå,√¶spa,mv,music video,ÎÆ§ÏßÅÎπÑÎîîÏò§,Ïπ¥Î¶¨ÎÇò,ÏßÄÏ†§,ÏúàÌÑ∞,ÎãùÎãù,KARINA,GISELLE,WINTER,NINGNING,ÏäàÌçºÎÖ∏Î∞î,ÏàòÌçºÎÖ∏Î∞î,ÏïÑÎßàÍ≤üÎèà,supernova,armageddon,ÎÆ§ÎπÑ",https://i.ytimg.com/vi/phuiiNCxRMg/default.jpg,10,PT3M14S,17316462,790348,0,50873
14/05/2024,x5s5Nq29_v0,WUSA9,Demolition at Baltimore bridge collapse site,2024-05-13T21:17:56Z,"[ baltimore-bridge-collapse,lo-baltimore ],maryland,news,special-reports,francis scott key bridge,baltimore bridge,live news,key bridge demolition,bridge collapse maryland,key bridge baltimore live,baltimore bridge detonation live,baltimore bridge explosion footage,baltimore bridge demolition in maryland,baltimore bridge collapse,key bridge,key bridge collapse,bridge collapse,baltimore bridge collapsing bridge,news live,baltimore bridge live cam,demolition",https://i.ytimg.com/vi/x5s5Nq29_v0/default.jpg,25,PT9M59S,811974,8107,0,662
14/05/2024,HLX1HxJm5wM,ChildishGambinoVEVO,Childish Gambino - Little Foot Big Foot (Official Video) ft. Young Nudy,2024-05-13T04:00:08Z,"Childish Gambino Atavista,Donald Glover Atavista,Childish Gambino 31520,Donald Glover 31520,Childish Gambino this is america,donald glover this is america,chidlish gambino awaken my love,gilga radio,gilga radio donald glover,gilga radio childish gambino,because the internet childish gambino,new donald glover,new childish gambino music 2024,childish gambino official video,Childish gambino 3005,donald glover 3005,little,foot",https://i.ytimg.com/vi/HLX1HxJm5wM/default.jpg,10,PT6M14S,1486451,98963,0,5505
14/05/2024,e3tXT6LB63Q,Destiny 2,Mataiodoxia Warlock Exotic Chest Armor Preview | Destiny 2: The Final Shape,2024-05-14T15:00:37Z,"Destiny,destiny 2,xbox,playstation,steam,game,games,MMO,FPS,action,warlock,hunter,titan",https://i.ytimg.com/vi/e3tXT6LB63Q/default.jpg,20,PT30S,173408,5624,0,1009
14/05/2024,qo4NMDrTMbE,ConepMusicPR,Conep & Anuel AA - Bellakita (Official Video),2024-05-14T16:00:07Z,"Conep,Conepr,Musica,Dynamic Records,laconexion",https://i.ytimg.com/vi/qo4NMDrTMbE/default.jpg,10,PT4M22S,286042,41946,0,2672
14/05/2024,_CFqlf9_rQ8,"Ryan Hall, Y'all",This Is Going To Cause WEIRD Weather‚Ä¶,2024-05-13T17:21:55Z,"weather,weather forecasting,forecasting,forecast,wild weather,extreme weather,intense weather,beautiful weather,weather channel,weather hunter,severe weather,major,intense,extreme,historic,blizzard,snow,heavy snow,major snow storm,snowstorm,snow squall,one foot snow,two feet snow,winter storm,tornado,tornado chasing,tornado chasers,storm chasing,storm chasers,tornadoes,ef5,hurricane,major hurricane,ryan hall",https://i.ytimg.com/vi/_CFqlf9_rQ8/default.jpg,24,PT7M9S,573308,27603,0,814
14/05/2024,O1xixINNd6I,Dead by Daylight,The Casting of Frank Stone | Gameplay Trailer,2024-05-14T16:17:05Z,"dead by daylight,dbd,behaviour interactive,bhvr,slasher game,survival horror,the casting of frank stone,supermassive games,tcofs,frank stone,gameplay,wishlist,pc,console,ps5,playstation,xbox,smg",https://i.ytimg.com/vi/O1xixINNd6I/default.jpg,20,PT1M54S,160261,9766,0,662
14/05/2024,MirzFk_DSiI,OpenAI,Two GPT-4os interacting and singing,2024-05-13T17:44:11Z,,https://i.ytimg.com/vi/MirzFk_DSiI/default.jpg,28,PT5M55S,1059652,34276,0,4744
14/05/2024,89PIuXrd7lg,Steezy Kane,Not Like Us (IN PUBLIC),2024-05-13T10:44:57Z,"isaiah shepard,steezy kane,steezy,stezzy,stezzy kane,cheezy steezy,funny,comedy,drake,kendrick,kendrick lamar,drake kendrick,not like us,they not like us,not like us in public,singing in public,the heart part six,kendrick lamar in public",https://i.ytimg.com/vi/89PIuXrd7lg/default.jpg,24,PT8M16S,580682,80893,0,6249
14/05/2024,ggM9_BU1VPU,Ryland vlogs,Our Dream Came True!,2024-05-13T18:14:07Z,"Ryland Adams,Shane Dawson,Ryland Vlogs,Home,Design,Taste Test,Comedy,Haul,Cleaning,House Tour",https://i.ytimg.com/vi/ggM9_BU1VPU/default.jpg,22,PT29M33S,278893,16208,0,1442
14/05/2024,_MJhF61_0mM,Good Mythical MORE,We Try Shocking New Soda Flavors,2024-05-14T10:00:26Z,"gmm,good mythical morning,rhettandlink,mythical,rhett,mclaughlin,link,neal,will it,blind,taste test,tournament,stevie,wynne,levine,josh,scherer,chase,emily,jordan,cotton candy randy,international,dart,game,test,experiment,challenge,food,feuds,snacks,shuffleboard,what‚Äôs the best,what‚Äôs the worst,frozen,fast,fancy,we tried every,gut check,discontinued,products,flavor match,food crimes,find the name brand,scornhole,cheap vs expensive,naked foods",https://i.ytimg.com/vi/_MJhF61_0mM/default.jpg,24,PT21M13S,181085,6851,0,240
14/05/2024,72XxvIzMUOI,Entertainment Tonight,Young Sheldon Cast Reacts to George Sr.'s Death in Series Finale (Exclusive),2024-05-13T18:03:36Z,Young Sheldon,https://i.ytimg.com/vi/72XxvIzMUOI/default.jpg,24,PT3M1S,766402,5132,0,490
14/05/2024,7bgDP28KtVo,VALORANT,Thrill Unleashed // VALORANT Masters Shanghai Cinematic,2024-05-14T15:00:05Z,"VALORANT,VALORANTMasters,VALORANTChampionsTour",https://i.ytimg.com/vi/7bgDP28KtVo/default.jpg,20,PT1M46S,143897,12723,0,717
14/05/2024,QZ3kJlaMUvU,Iron Gate,Valheim: Ashlands Animated Release Trailer,2024-05-14T11:00:11Z,"valheim,viking,gaming,video games,animation",https://i.ytimg.com/vi/QZ3kJlaMUvU/default.jpg,20,PT1M57S,163048,13727,0,886
14/05/2024,bG2N4a0ir3A,Dave2D,My 2024 iPad Pro Review,2024-05-13T21:00:19Z,"Dave2D,Review,apple,ipad,13,11,versus,iPad pro,iPad air",https://i.ytimg.com/vi/bG2N4a0ir3A/default.jpg,28,PT14M41S,607894,23581,0,1956
14/05/2024,a4tbFi7x0sE,BdoubleO100,Minecraft Hermitcraft :: New Silo Concepts,2024-05-13T16:00:00Z,"minecraft,hermitcraft,bdoubleo,bdubs,bdoubleo100,bdouble0,minecraft hermitcraft,hermitcraft season 10,hermitcraft 10,hermitcraft X",https://i.ytimg.com/vi/a4tbFi7x0sE/default.jpg,20,PT35M17S,322365,27203,0,1183
14/05/2024,FrcXox0sj2A,General Sam,you put WHAT in the soup!?,2024-05-13T18:58:48Z,,https://i.ytimg.com/vi/FrcXox0sj2A/default.jpg,20,PT19M43S,241141,14657,0,522
14/05/2024,bY1kLt4iz94,Gunna,Gunna - whatsapp (wassam) [Official Video],2024-05-13T22:06:13Z,"Gunna,YSL,YSL Gunna,Rap Music,Atlanta,Hip Hop,Drip Season,Drip,Fashion,Atlanta Rap,Atlanta Music,Atlanta Rap Music,Worldstarhiphop,Wunna,gunna,gunna new music,Gunna Whatsapp ft Wassam,whatsapp,gunna whatsapp ft wassam,wassam whatsapp,wassam,gunna wassam,whatsapp official visualizer,Wassam,whatsapp wassam,whatsapp (wassam),Gunna - whatsapp (wassam) [Official Video],gunna whatsapp wassam,whatsapp wassam gunna,whatsapp (wassam) gunna,gunna whatsapp (wassam)",https://i.ytimg.com/vi/bY1kLt4iz94/default.jpg,10,PT2M58S,539247,23877,0,1775
14/05/2024,5hT_f1UY-oo,Universal Pictures,Wicked - Passion Project,2024-05-13T17:02:15Z,,https://i.ytimg.com/vi/5hT_f1UY-oo/default.jpg,24,PT2M36S,440398,20672,0,984
14/05/2024,3chAtWpjJXM,Sailing La Vagabonde,"We LOST all Communication in Pirate Territory.. (Extended, cinematic cut)",2024-05-13T21:02:27Z,,https://i.ytimg.com/vi/3chAtWpjJXM/default.jpg,19,PT41M42S,290766,17986,0,1012
14/05/2024,LaQu_ZmlTlc,Complex,Ice Spice Goes Sneaker Shopping With Complex,2024-05-13T14:00:16Z,"Ice Spice,Sneaker Shopping,Ice Spice Goes Sneaker Shopping,complex networks,ice spice type beat,sneakerhead,complex,complex originals,sneakers,news,entertainment,culture,complex media,sneaker shopping,goat talk,hype news,pop culture,joe la puma,sneaker collection 2024,ice spice reaction",https://i.ytimg.com/vi/LaQu_ZmlTlc/default.jpg,24,PT10M35S,348713,11116,0,885
14/05/2024,VnnE8lbeVtc,GTLive,The Amazing Digital Circus Is All LIES!,2024-05-13T23:00:16Z,"the amazing digital circus,amazing digital circus,adc,tadc episode 2,the amazing digital circus episode 2,amazing digital circus episode 2,pomni,jax,kinger,amazing digital circus reaction,amazing digital circus episode 2 reaction,pomni adc,pomni jax,the amazing digital circus episode 2 reaction,film theory amazing digital circus,amazing digital circus theory,amazing digital circus lore,game theory,matpat,gtlive,gt,gt live,film theory,film theory digital circus",https://i.ytimg.com/vi/VnnE8lbeVtc/default.jpg,20,PT54M32S,331923,22079,0,2824
14/05/2024,aoKL75ns_8c,Let's Game It Out,I Tricked an Entire Nation Into Surrendering to My Army of Just 11 People - Manor Lords,2024-05-12T15:00:04Z,"let's game it out,lets game it out,let game it out,let'sgameitout,letsgameitout,letgameitout,game it out,gameitout,lgio,josh let's game it out,let's game it out josh,lgio josh,josh lgio,let's game it out simulator,josh simulator,funny moments,manor lords,manor lords gameplay,manor lords game",https://i.ytimg.com/vi/aoKL75ns_8c/default.jpg,20,PT27M51S,1686463,74305,0,2311
14/05/2024,XwJn9ebxa5U,CJ Race Cars,"Cleetus McFarlands Camaro ""Eagle"" Gets a body!",2024-05-13T22:47:32Z,"ProMod,RVW,Pro275,Drag Car,Chassis Builder,Race Car Builder,Race Cars,Drag Cars,Drag Racing,Chassis Shop,N/T,N/T Racing,No Prep Racing,No Prep,NPK,Street Outlaws,Murder Nova,Daddy Dave,CJRC,CJ Race Cars,CJ Racecars,Bradenton Motorsports Park,Orlando Speedway,South Georgia Motorsports Park",https://i.ytimg.com/vi/XwJn9ebxa5U/default.jpg,2,PT10M18S,146242,9431,0,504
14/05/2024,5yK5oyoGYSE,iJustine,New M4 iPad Pro Review with Apple Pencil Pro!,2024-05-13T21:06:52Z,"ijustine,Justine Ezarik,iJustine Tech,iJustine Tech Reviews,iJustine Reviews,iJustine Apple Review,iJustine iPhone,iJustine Apple",https://i.ytimg.com/vi/5yK5oyoGYSE/default.jpg,28,PT19M6S,280652,10784,0,853
14/05/2024,Gp0ixXvXubI,RemLife,LET'S TRY ON WEDDING DRESSES!! + Body Insecurity Chit Chat,2024-05-14T15:00:25Z,"missremiashten,remlife,remi,cruz,vlog,vlogger,daily,follow me around,day in the life,look,looks",https://i.ytimg.com/vi/Gp0ixXvXubI/default.jpg,22,PT32M26S,104604,5866,0,740
14/05/2024,j4r_1Yww5GI,Wild Wonderful Off-Grid,CABIN gets a MASSIVE Addition!,2024-05-13T18:46:05Z,"goonzquad,wild wonderful off grid,wild wonderful off-grid,build,eamon and bec,entertainment,Life,Living,Tiny House,Tiny Home,construction,home improvement,building home,off grid,wild wonderful,electrical,renovation,trent and allie,cabin,off grid cabin,well pump replacement,structural engineering,a-frame cabin,house addition,adding an addition to a house,safe room,storm shelter,laying block,masonry,small business,backup power,stroke,mini stroke",https://i.ytimg.com/vi/j4r_1Yww5GI/default.jpg,22,PT17M39S,206066,25083,0,423
14/05/2024,L9Ts6kiEAts,ZEROBASEONE,ZEROBASEONE (Ï†úÎ°úÎ≤†Ïù¥Ïä§Ïõê) 'Feel the POP' MV,2024-05-13T08:58:08Z,"ZEROBASEONE,Ï†úÎ°úÎ≤†Ïù¥Ïä§Ïõê,Ï†úÎ≤†Ïõê,ZB1,ZERO BASE ONE,ZEROBASEONE official,ZERO BASE ONE official,Ï†úÎ°úÏ¶à,ÏÑ±ÌïúÎπà,ÍπÄÏßÄÏõÖ,Ïû•ÌïòÏò§,ÏÑùÎß§Ìäú,ÍπÄÌÉúÎûò,Î¶¨ÌÇ§,ÍπÄÍ∑úÎπà,Î∞ïÍ±¥Ïö±,ÌïúÏú†ÏßÑ,SUNGHANBIN,KIMJIWOONG,ZHANGHAO,SEOKMATTHEW,KIMTAERAE,RICKY,KIMGYUVIN,PARKGUNWOOK,HANYUJIN,ZEROSE",https://i.ytimg.com/vi/L9Ts6kiEAts/default.jpg,24,PT3M24S,7866836,219360,0,16123
14/05/2024,F6PqxbvOCUI,MrBeast,"Protect The Yacht, Keep It!",2024-05-11T16:00:00Z,,https://i.ytimg.com/vi/F6PqxbvOCUI/default.jpg,24,PT15M8S,61034855,2731574,0,62644
14/05/2024,8vCa5R72Mmc,Laughability,I Spent 50 HOURS at RNG Games in Roblox,2024-05-13T02:39:27Z,"roblox laughability,roblox,laughability,laugh ability,laugh ability roblox,laughability youtube,roblox youtube,roblox sols rng,sols rng,50 hours rng roblox,50 hour roblox challenge,roblox challenge,laughability challenge,sols rng 50 hours,sols rng afk,sols rng hours,hades rng,anime rng,player rng,spending time at sols rng,sols rng every aura,noob to master sols rng,roblox rng games,best roblox rng game,laughability rng games,sols rng compilation",https://i.ytimg.com/vi/8vCa5R72Mmc/default.jpg,20,PT33M33S,383945,13388,0,2110
14/05/2024,1Nshwsz-f7M,MultiVersus,MultiVersus ‚Äì Official The Joker ‚ÄúSend in the Clowns!‚Äù Gameplay Trailer,2024-05-13T12:59:24Z,"MultiVersus,Multiverses,Multiverse,Multi Versus,Joker,The Joker,Mark Hammill,Batman,Warner Bros. Games,WB Games,PFG,Player First Games,Platform Fighter,Free to play,2v2,1v1,free for all,Steam,PC,Playstation,PS5,Microsoft,Xbox Series X,Xbox Series S,Tony,WB Animation,DC Comics,Adult Swim,Cartoon Network,Iron Giant,Scooby Doo,Reindog,Tom and Jerry,Unreal 5,Powerpuff Girls,PvP,Shaggy,Bugs Bunny,The Killing Joke,The Batman Who Laughs,Dr Harleen Quinzel",https://i.ytimg.com/vi/1Nshwsz-f7M/default.jpg,20,PT1M22S,291874,12988,0,1277
14/05/2024,D4NkQ9z65w8,DARK MOON by HYBE,ENHYPEN (ÏóîÌïòÏù¥Ìîà) 'Fatal Trouble' Official MV | DARK MOON SPECIAL ALBUM 'MEMORABILIA',2024-05-13T09:00:20Z,,https://i.ytimg.com/vi/D4NkQ9z65w8/default.jpg,24,PT2M54S,1182188,223252,0,19842
14/05/2024,CoBgA8n0ybk,Cleetus2 McFarland,2024 Mom Prix - Mother's Day Race! WHAT A BATTLE!!!,2024-05-12T12:46:02Z,,https://i.ytimg.com/vi/CoBgA8n0ybk/default.jpg,2,PT2H3M49S,460371,29465,0,3206
14/05/2024,vXsbxxNpeI0,Top Rank Boxing,The Dominating SKILL From Vasiliy Lomachenko Against George Kambosos! | FIGHT HIGHLIGHTS,2024-05-12T05:43:56Z,"top rank boxing,boxing,vasiliy lomachenko vs george kambosos fight highlights,vasiliy lomachenko vs george kambosos fight,vasiliy lomachenko george kambosos,vasiliy lomachenko boxing highlights,vasiliy lomachenko vs george kambosos,vasyl lomachenko,vasyl lomachenko vs george kambosos,vasyl lomachenko vs george kambosos fight,vasiliy lomachenko vs george kambosos full fight,vasiliy lomachenko,loma vs kambosos highlights,loma vs kambosos,lomachenko vs kambosos,loma",https://i.ytimg.com/vi/vXsbxxNpeI0/default.jpg,17,PT2M23S,1785845,28733,0,4794
14/05/2024,EPbVUR6Y83k,James Hoffmann,The KinGrinder P1: Why A Cheap Hand Grinder Has Me A Little Excited,2024-05-13T15:30:04Z,"james hoffmann,james hoffman,jimseven,coffee",https://i.ytimg.com/vi/EPbVUR6Y83k/default.jpg,24,PT17M32S,345438,15927,0,1332
14/05/2024,FaiAIkMQhMQ,DougDougDoug,I downloaded Microsoft Flight Sim (NOT CLICKBAIT),2024-05-12T19:00:06Z,"DougDoug,DougDoug's Leftovers,DougDoug Youtube,DougDoug second channel,dougdoug stream highlights,dougdoug twitch,dougdoug twitch highlights,dougdoug stream,twitch,twitch chat,twitch plays,DougDougDoug,DougDougDoug Youtube,microsoft flight sim,flight simulator",https://i.ytimg.com/vi/FaiAIkMQhMQ/default.jpg,20,PT16M46S,478768,33754,0,1484
14/05/2024,qLsgDzpewII,AntsCanada,What Happened After Creating a Storm In My Giant Rainforest Vivarium,2024-05-12T15:39:04Z,"ants,pets,terrarium,ant farm,antfarm,antscanada,animals,insects,exotic pets,myrmecology,science,education,ecosystem",https://i.ytimg.com/vi/qLsgDzpewII/default.jpg,15,PT30M12S,591008,31134,0,4119
14/05/2024,dnxcaQNN9d4,Settled,I've survived 186 hours with 1 HP on Runescape,2024-05-12T19:28:42Z,"Mory,Morytania,Area,Maxing,Max,OSRS,UIM,End,Game,Ultimate,Ironman,Old,School,Runescape,RS3,Settled,Settledrs,Progress,Video,Tricks,Tips,Bossing,Skilling,2007,2007Scape,Dream,Gear,Items,Boss,Episode,Settled UIM,UIM Settled,OSRS Settled,Morytania UIM,Morytania Ironman,Mory Ironman,Maxed UIM,UIM Maxing",https://i.ytimg.com/vi/dnxcaQNN9d4/default.jpg,20,PT16M28S,425372,21037,0,921
14/05/2024,qytLDHSi7Mw,Antonio Garza,Why i Quit Youtube‚Ä¶,2024-05-12T22:13:54Z,,https://i.ytimg.com/vi/qytLDHSi7Mw/default.jpg,24,PT14M52S,339745,47412,0,3665
14/05/2024,_JWGVXtbRPk,Diesel Creek,Cleaning up an Abandon Barn! (Rotting for 10+ years),2024-05-12T11:22:52Z,"Barn,Farm,heavy equipment,construction,digger,diesel,Cummins,homestead,building,caterpillar,cat,Volvo,JCB,case,excavator,loader,outdoors,nature,freedom,green,Enviromental,hippie,old soul,farm,woods,forest,Farming,Komatsu,cows,livestock,USA,America",https://i.ytimg.com/vi/_JWGVXtbRPk/default.jpg,2,PT51M,458732,53391,0,1998
14/05/2024,Aqb0dka7--c,Stay Wild,CAKE or REAL Challenge! (Impossible),2024-05-12T18:52:25Z,"Ben Azelart,Brent Rivera,Pierson Wodzynski,StayWild,Stay Wild,Ben Azelart Podcast,Lexi Rivera,Lexi Hensler,Stokes Twins,Alan Stokes,Alex Stokes,Jeremy Hutchins,Sofie Dossi,Dom Brack,Amp Squad,TikTok,Bexi,Brierson,Lexi Rivera Boyfriend,Ben Azelart Girlfriend,Ben and Lexi,Brent and Pierson,Andrew Davila,Cam Huff,Dereks Days,Stay Wild Vlogs,real or cake,cake",https://i.ytimg.com/vi/Aqb0dka7--c/default.jpg,24,PT37M52S,2319765,34116,0,3275
